deck_name,deck_format,card_name,n_occurences
Vehicles,Limited,"Lita, Mechanical Engineer",1
Vehicles,Limited,Peacewalker Colossus,1
Vehicles,Limited,Hotshot Mechanic,1
Vehicles,Limited,Imperial Recovery Unit,1
Vehicles,Limited,Aethershield Artificer,1
Vehicles,Limited,Aerial Modification,1
Vehicles,Limited,Kitsune Ace,1
Vehicles,Limited,Sanctum Gargoyle,1
Vehicles,Limited,Built to Last,1
Vehicles,Limited,Caught in the Brights,1
Vehicles,Limited,Giant Ox,1
Vehicles,Limited,Aradara Express,1
Vehicles,Limited,Thriving Heath,1
Vehicles,Limited,Plains,7
Knights,Limited,The Circle of Loyalty,1
Knights,Limited,"Balan, Wandering Knight",1
Knights,Limited,"Danitha Capashen, Paragon",1
Knights,Limited,"Kwende, Pride of Femeref",1
Knights,Limited,"Syr Alin, the Lion's Claw",1
Knights,Limited,Hero's Blade,1
Knights,Limited,Chains of Custody,1
Knights,Limited,Order of the Golden Cricket,1
Knights,Limited,Shining Armor,1
Knights,Limited,Jousting Lance,1
Knights,Limited,Benalish Honor Guard,1
Knights,Limited,Skyhunter Prowler,1
Knights,Limited,Thriving Heath,1
Knights,Limited,Plains,7
Constellation (1),Limited,Archon of Sun's Grace,1
Constellation (1),Limited,Sage's Reverie,1
Constellation (1),Limited,Blessed Spirits,1
Constellation (1),Limited,Favored of Iroas,1
Constellation (1),Limited,Spectral Steel,1
Constellation (1),Limited,Chains of Custody,1
Constellation (1),Limited,Glory Bearers,1
Constellation (1),Limited,Transcendent Envoy,1
Constellation (1),Limited,Captivating Unicorn,1
Constellation (1),Limited,Forced Worship,1
Constellation (1),Limited,Pious Wayfarer,1
Constellation (1),Limited,Spirited Companion,1
Constellation (1),Limited,Thriving Heath,1
Constellation (1),Limited,Plains,7
Constellation (2),Limited,Sigil of the Empty Throne,1
Constellation (2),Limited,Sage's Reverie,1
Constellation (2),Limited,Blessed Spirits,1
Constellation (2),Limited,Spectral Steel,1
Constellation (2),Limited,Alseid of Life's Bounty,1
Constellation (2),Limited,Chains of Custody,1
Constellation (2),Limited,Transcendent Envoy,1
Constellation (2),Limited,Auramancer,1
Constellation (2),Limited,Glory Bearers,1
Constellation (2),Limited,Captivating Unicorn,1
Constellation (2),Limited,Dreadful Apathy,1
Constellation (2),Limited,Spirited Companion,1
Constellation (2),Limited,Thriving Heath,1
Constellation (2),Limited,Plains,7
Teamwork (1),Limited,"Agrus Kos, Eternal Soldier",1
Teamwork (1),Limited,"Taranika, Akroan Veteran",1
Teamwork (1),Limited,Angelic Cub,1
Teamwork (1),Limited,Valorous Stance,1
Teamwork (1),Limited,Angelic Protector,1
Teamwork (1),Limited,Dragon Blood,1
Teamwork (1),Limited,Task Force,1
Teamwork (1),Limited,Infantry Veteran,1
Teamwork (1),Limited,Cavalry Drillmaster,1
Teamwork (1),Limited,Combat Professor,1
Teamwork (1),Limited,Moment of Triumph,1
Teamwork (1),Limited,Cage of Hands,1
Teamwork (1),Limited,Sandstone Bridge,1
Teamwork (1),Limited,Thriving Heath,1
Teamwork (1),Limited,Plains,6
Teamwork (2),Limited,"Agrus Kos, Eternal Soldier",1
Teamwork (2),Limited,Angelic Cub,1
Teamwork (2),Limited,Valorous Stance,1
Teamwork (2),Limited,Tempered Veteran,1
Teamwork (2),Limited,Angelic Protector,1
Teamwork (2),Limited,Task Force,1
Teamwork (2),Limited,Infantry Veteran,1
Teamwork (2),Limited,Cavalry Drillmaster,1
Teamwork (2),Limited,Iron Bully,1
Teamwork (2),Limited,Combat Professor,1
Teamwork (2),Limited,Light of Hope,1
Teamwork (2),Limited,Weapon Rack,1
Teamwork (2),Limited,Sandstone Bridge,1
Teamwork (2),Limited,Thriving Heath,1
Teamwork (2),Limited,Plains,6
Spirits (1),Limited,Angel of Flight Alabaster,1
Spirits (1),Limited,Selfless Spirit,1
Spirits (1),Limited,Eidolon of Rhetoric,1
Spirits (1),Limited,Mausoleum Guard,1
Spirits (1),Limited,Gallows Warden,1
Spirits (1),Limited,Not Forgotten,1
Spirits (1),Limited,Chains of Custody,1
Spirits (1),Limited,Doomed Traveler,1
Spirits (1),Limited,Pilgrim of the Ages,1
Spirits (1),Limited,Apothecary Geist,1
Spirits (1),Limited,Blessed Defiance,1
Spirits (1),Limited,Divine Verdict,1
Spirits (1),Limited,Thriving Heath,1
Spirits (1),Limited,Plains,7
Spirits (2),Limited,Hour of Reckoning,1
Spirits (2),Limited,Eidolon of Rhetoric,1
Spirits (2),Limited,Mausoleum Guard,1
Spirits (2),Limited,Gallows Warden,1
Spirits (2),Limited,Devouring Light,1
Spirits (2),Limited,Chains of Custody,1
Spirits (2),Limited,Doomed Traveler,1
Spirits (2),Limited,Kami of Ancient Law,1
Spirits (2),Limited,Pilgrim of the Ages,1
Spirits (2),Limited,Martyr's Soul,1
Spirits (2),Limited,Blessed Defiance,1
Spirits (2),Limited,Triplicate Spirits,1
Spirits (2),Limited,Thriving Heath,1
Spirits (2),Limited,Plains,7
Blink (1),Limited,"Preston, the Vanisher",1
Blink (1),Limited,Distinguished Conjurer,1
Blink (1),Limited,Brightmare,1
Blink (1),Limited,Wispweaver Angel,1
Blink (1),Limited,Faith's Fetters,1
Blink (1),Limited,Flicker of Fate,1
Blink (1),Limited,Thraben Inspector,1
Blink (1),Limited,Inspiring Overseer,1
Blink (1),Limited,Gallant Cavalry,1
Blink (1),Limited,Rambunctious Mutt,1
Blink (1),Limited,Acrobatic Maneuver,1
Blink (1),Limited,Settle Beyond Reality,1
Blink (1),Limited,Thriving Heath,1
Blink (1),Limited,Plains,7
Blink (2),Limited,Emiel the Blessed,1
Blink (2),Limited,Distinguished Conjurer,1
Blink (2),Limited,Brightmare,1
Blink (2),Limited,Imperial Aerosaur,1
Blink (2),Limited,Faith's Fetters,1
Blink (2),Limited,Flicker of Fate,1
Blink (2),Limited,Daybreak Charger,1
Blink (2),Limited,Inspiring Overseer,1
Blink (2),Limited,Valorous Steed,1
Blink (2),Limited,Rambunctious Mutt,1
Blink (2),Limited,Justiciar's Portal,1
Blink (2),Limited,Settle Beyond Reality,1
Blink (2),Limited,Thriving Heath,1
Blink (2),Limited,Plains,7
Blink (3),Limited,Restoration Angel,1
Blink (3),Limited,"Preston, the Vanisher",1
Blink (3),Limited,Distinguished Conjurer,1
Blink (3),Limited,Brightmare,1
Blink (3),Limited,Valor in Akros,1
Blink (3),Limited,Faith's Fetters,1
Blink (3),Limited,Flicker of Fate,1
Blink (3),Limited,Cavalry Drillmaster,1
Blink (3),Limited,Inspiring Overseer,1
Blink (3),Limited,Valorous Steed,1
Blink (3),Limited,Rambunctious Mutt,1
Blink (3),Limited,Settle Beyond Reality,1
Blink (3),Limited,Thriving Heath,1
Blink (3),Limited,Plains,7
Blink (4),Limited,Panharmonicon,1
Blink (4),Limited,Distinguished Conjurer,1
Blink (4),Limited,Pierce Strider,1
Blink (4),Limited,Wispweaver Angel,1
Blink (4),Limited,Faith's Fetters,1
Blink (4),Limited,Flicker of Fate,1
Blink (4),Limited,Cavalry Drillmaster,1
Blink (4),Limited,Brightmare,1
Blink (4),Limited,Inspiring Overseer,1
Blink (4),Limited,Seller of Songbirds,1
Blink (4),Limited,Rambunctious Mutt,1
Blink (4),Limited,Settle Beyond Reality,1
Blink (4),Limited,Thriving Heath,1
Blink (4),Limited,Plains,7
Cats (1),Limited,Regal Caracal,1
Cats (1),Limited,Ingenious Leonin,1
Cats (1),Limited,King of the Pride,1
Cats (1),Limited,Savannah Lions,1
Cats (1),Limited,Make a Stand,1
Cats (1),Limited,Leonin Snarecaster,1
Cats (1),Limited,Felidar Cub,1
Cats (1),Limited,Basri's Acolyte,1
Cats (1),Limited,Skyhunter Patrol,1
Cats (1),Limited,Leonin Scimitar,1
Cats (1),Limited,Impeccable Timing,1
Cats (1),Limited,Weight of Conscience,1
Cats (1),Limited,Thriving Heath,1
Cats (1),Limited,Plains,7
Cats (2),Limited,Felidar Retreat,1
Cats (2),Limited,Trove Warden,1
Cats (2),Limited,Ingenious Leonin,1
Cats (2),Limited,King of the Pride,1
Cats (2),Limited,Savannah Lions,1
Cats (2),Limited,Make a Stand,1
Cats (2),Limited,Steppe Lynx,1
Cats (2),Limited,Mesa Lynx,1
Cats (2),Limited,Leonin Snarecaster,1
Cats (2),Limited,Prowling Felidar,1
Cats (2),Limited,Impeccable Timing,1
Cats (2),Limited,Weight of Conscience,1
Cats (2),Limited,Thriving Heath,1
Cats (2),Limited,Plains,7
Cats (3),Limited,"Ajani, Strength of the Pride",1
Cats (3),Limited,Ingenious Leonin,1
Cats (3),Limited,King of the Pride,1
Cats (3),Limited,Ajani's Pridemate,1
Cats (3),Limited,Make a Stand,1
Cats (3),Limited,Trained Caracal,1
Cats (3),Limited,Leonin Snarecaster,1
Cats (3),Limited,Savannah Sage,1
Cats (3),Limited,Basri's Acolyte,1
Cats (3),Limited,Leonin Scimitar,1
Cats (3),Limited,Impeccable Timing,1
Cats (3),Limited,Weight of Conscience,1
Cats (3),Limited,Thriving Heath,1
Cats (3),Limited,Plains,7
Cats (4),Limited,Leonin Warleader,1
Cats (4),Limited,Ingenious Leonin,1
Cats (4),Limited,King of the Pride,1
Cats (4),Limited,Savannah Lions,1
Cats (4),Limited,Make a Stand,1
Cats (4),Limited,Leonin Snarecaster,1
Cats (4),Limited,Pouncing Lynx,1
Cats (4),Limited,Skyhunter Prowler,1
Cats (4),Limited,Basri's Acolyte,1
Cats (4),Limited,Leonin Scimitar,1
Cats (4),Limited,Impeccable Timing,1
Cats (4),Limited,Weight of Conscience,1
Cats (4),Limited,Thriving Heath,1
Cats (4),Limited,Plains,7
Law (1),Limited,Archon of Justice,1
Law (1),Limited,Magnanimous Magistrate,1
Law (1),Limited,Arrest,1
Law (1),Limited,Righteousness,1
Law (1),Limited,Valorous Stance,1
Law (1),Limited,Gideon's Lawkeeper,1
Law (1),Limited,Ninth Bridge Patrol,1
Law (1),Limited,Kami of Ancient Law,1
Law (1),Limited,Midnight Guard,1
Law (1),Limited,Nightguard Patrol,1
Law (1),Limited,Skyhunter Patrol,1
Law (1),Limited,Divine Verdict,1
Law (1),Limited,Thriving Heath,1
Law (1),Limited,Plains,7
Law (2),Limited,Decree of Justice,1
Law (2),Limited,Magnanimous Magistrate,1
Law (2),Limited,Arrest,1
Law (2),Limited,Phalanx Tactics,1
Law (2),Limited,Unquestioned Authority,1
Law (2),Limited,Law-Rune Enforcer,1
Law (2),Limited,Ninth Bridge Patrol,1
Law (2),Limited,Kami of Ancient Law,1
Law (2),Limited,Midnight Guard,1
Law (2),Limited,Nightguard Patrol,1
Law (2),Limited,Skyhunter Patrol,1
Law (2),Limited,Radiant's Judgment,1
Law (2),Limited,Thriving Heath,1
Law (2),Limited,Plains,7
Law (3),Limited,"Gideon, Champion of Justice",1
Law (3),Limited,Magnanimous Magistrate,1
Law (3),Limited,Arrest,1
Law (3),Limited,Righteousness,1
Law (3),Limited,Unquestioned Authority,1
Law (3),Limited,Gideon's Lawkeeper,1
Law (3),Limited,Ninth Bridge Patrol,1
Law (3),Limited,Kami of Ancient Law,1
Law (3),Limited,Midnight Guard,1
Law (3),Limited,Nightguard Patrol,1
Law (3),Limited,Skyhunter Patrol,1
Law (3),Limited,Angelic Edict,1
Law (3),Limited,Thriving Heath,1
Law (3),Limited,Plains,7
Law (4),Limited,"Isamaru, Hound of Konda",1
Law (4),Limited,"Michiko Konda, Truth Seeker",1
Law (4),Limited,Magnanimous Magistrate,1
Law (4),Limited,Arrest,1
Law (4),Limited,Murder Investigation,1
Law (4),Limited,Edifice of Authority,1
Law (4),Limited,Ninth Bridge Patrol,1
Law (4),Limited,Kami of Ancient Law,1
Law (4),Limited,Midnight Guard,1
Law (4),Limited,Nightguard Patrol,1
Law (4),Limited,Skyhunter Patrol,1
Law (4),Limited,Bring to Trial,1
Law (4),Limited,Thriving Heath,1
Law (4),Limited,Plains,7
Holy (1),Limited,Blessed Sanctuary,1
Holy (1),Limited,Angelic Cub,1
Holy (1),Limited,Emancipation Angel,1
Holy (1),Limited,Goldnight Commander,1
Holy (1),Limited,Miraculous Recovery,1
Holy (1),Limited,Chains of Custody,1
Holy (1),Limited,Angelic Page,1
Holy (1),Limited,Pilgrim of the Ages,1
Holy (1),Limited,Pillardrop Rescuer,1
Holy (1),Limited,Anointer of Valor,1
Holy (1),Limited,Light of Hope,1
Holy (1),Limited,Divine Arrow,1
Holy (1),Limited,Thriving Heath,1
Holy (1),Limited,Plains,7
Holy (2),Limited,Lyra Dawnbringer,1
Holy (2),Limited,Angelic Cub,1
Holy (2),Limited,Emancipation Angel,1
Holy (2),Limited,Starnheim Aspirant,1
Holy (2),Limited,Defy Death,1
Holy (2),Limited,Chains of Custody,1
Holy (2),Limited,Pilgrim of the Ages,1
Holy (2),Limited,Stalwart Valkyrie,1
Holy (2),Limited,Dawning Angel,1
Holy (2),Limited,Anointer of Valor,1
Holy (2),Limited,Light of Hope,1
Holy (2),Limited,Divine Arrow,1
Holy (2),Limited,Thriving Heath,1
Holy (2),Limited,Plains,7
Holy (3),Limited,Dawn of Hope,1
Holy (3),Limited,Valkyrie Harbinger,1
Holy (3),Limited,Planar Atlas,1
Holy (3),Limited,Emancipation Angel,1
Holy (3),Limited,Serene Steward,1
Holy (3),Limited,Inspiring Cleric,1
Holy (3),Limited,Chains of Custody,1
Holy (3),Limited,Pilgrim of the Ages,1
Holy (3),Limited,Dawning Angel,1
Holy (3),Limited,Anointer of Valor,1
Holy (3),Limited,Light of Hope,1
Holy (3),Limited,Divine Arrow,1
Holy (3),Limited,Thriving Heath,1
Holy (3),Limited,Plains,7
Holy (4),Limited,Righteous Valkyrie,1
Holy (4),Limited,Emancipation Angel,1
Holy (4),Limited,Inspiring Cleric,1
Holy (4),Limited,Attended Healer,1
Holy (4),Limited,Faith's Fetters,1
Holy (4),Limited,Chains of Custody,1
Holy (4),Limited,Daybreak Chaplain,1
Holy (4),Limited,Pilgrim of the Ages,1
Holy (4),Limited,Pillardrop Rescuer,1
Holy (4),Limited,Anointer of Valor,1
Holy (4),Limited,Light of Hope,1
Holy (4),Limited,Divine Arrow,1
Holy (4),Limited,Thriving Heath,1
Holy (4),Limited,Plains,7
Shapeshifters,Limited,Pirated Copy,1
Shapeshifters,Limited,Gigantoplasm,1
Shapeshifters,Limited,Mirror Image,1
Shapeshifters,Limited,Bloodline Pretender,1
Shapeshifters,Limited,Lookout's Dispersal,1
Shapeshifters,Limited,Heirloom Blade,1
Shapeshifters,Limited,Universal Automaton,1
Shapeshifters,Limited,Amoeboid Changeling,1
Shapeshifters,Limited,Mistwalker,1
Shapeshifters,Limited,Littjara Kinseekers,1
Shapeshifters,Limited,Chilling Trap,1
Shapeshifters,Limited,Crashing Tide,1
Shapeshifters,Limited,Thriving Isle,1
Shapeshifters,Limited,Island,7
Snow,Limited,Isu the Abominable,1
Snow,Limited,Marit Lage's Slumber,1
Snow,Limited,Coldsteel Heart,1
Snow,Limited,Avalanche Caller,1
Snow,Limited,Phyrexian Ironfoot,1
Snow,Limited,Icebind Pillar,1
Snow,Limited,Pilfering Hawk,1
Snow,Limited,Frostpeak Yeti,1
Snow,Limited,Chillerpillar,1
Snow,Limited,Berg Strider,1
Snow,Limited,Winter's Rest,1
Snow,Limited,Crippling Chill,1
Snow,Limited,Shimmerdrift Vale,1
Snow,Limited,Snow-Covered Island,7
Go to School (1),Limited,"Barrin, Tolarian Archmage",1
Go to School (1),Limited,Biblioplex Kraken,1
Go to School (1),Limited,"Kasmina, Enigmatic Mentor",1
Go to School (1),Limited,Dismiss,1
Go to School (1),Limited,Overwhelmed Apprentice,1
Go to School (1),Limited,Merfolk Pupil,1
Go to School (1),Limited,Wizard Mentor,1
Go to School (1),Limited,Tragic Lesson,1
Go to School (1),Limited,Elite Instructor,1
Go to School (1),Limited,Tolarian Sentinel,1
Go to School (1),Limited,Academy Journeymage,1
Go to School (1),Limited,Bury in Books,1
Go to School (1),Limited,Thriving Isle,1
Go to School (1),Limited,Island,7
Go to School (2),Limited,Rhystic Study,1
Go to School (2),Limited,Multiple Choice,1
Go to School (2),Limited,Biblioplex Kraken,1
Go to School (2),Limited,"Kasmina, Enigmatic Mentor",1
Go to School (2),Limited,Overwhelmed Apprentice,1
Go to School (2),Limited,Dismiss,1
Go to School (2),Limited,Merfolk Pupil,1
Go to School (2),Limited,Campus Guide,1
Go to School (2),Limited,Teferi's Protege,1
Go to School (2),Limited,Elite Instructor,1
Go to School (2),Limited,Academy Journeymage,1
Go to School (2),Limited,Bury in Books,1
Go to School (2),Limited,Thriving Isle,1
Go to School (2),Limited,Island,7
Scrying (1),Limited,"Kenessos, Priest of Thassa",1
Scrying (1),Limited,Biblioplex Kraken,1
Scrying (1),Limited,Cryptic Serpent,1
Scrying (1),Limited,Perilous Voyage,1
Scrying (1),Limited,Interpret the Signs,1
Scrying (1),Limited,Preordain,1
Scrying (1),Limited,Faerie Seer,1
Scrying (1),Limited,Sage's Row Savant,1
Scrying (1),Limited,Moonfolk Puzzlemaker,1
Scrying (1),Limited,Octoprophet,1
Scrying (1),Limited,No Escape,1
Scrying (1),Limited,Raiders' Karve,1
Scrying (1),Limited,Thriving Isle,1
Scrying (1),Limited,Island,7
Scrying (2),Limited,Djinn of Wishes,1
Scrying (2),Limited,"Kenessos, Priest of Thassa",1
Scrying (2),Limited,Biblioplex Kraken,1
Scrying (2),Limited,Cryptic Serpent,1
Scrying (2),Limited,Anchor to the Aether,1
Scrying (2),Limited,Condescend,1
Scrying (2),Limited,Faerie Seer,1
Scrying (2),Limited,Preordain,1
Scrying (2),Limited,Augury Owl,1
Scrying (2),Limited,Moonfolk Puzzlemaker,1
Scrying (2),Limited,Octoprophet,1
Scrying (2),Limited,Explorer's Scope,1
Scrying (2),Limited,Thriving Isle,1
Scrying (2),Limited,Island,7
Faeries (1),Limited,Vendilion Clique,1
Faeries (1),Limited,Wavebreak Hippocamp,1
Faeries (1),Limited,Synchronized Eviction,1
Faeries (1),Limited,Instruments of War,1
Faeries (1),Limited,Brineborn Cutthroat,1
Faeries (1),Limited,Glen Elendra Pranksters,1
Faeries (1),Limited,Soul Read,1
Faeries (1),Limited,Spellstutter Sprite,1
Faeries (1),Limited,Pestermite,1
Faeries (1),Limited,Sentinels of Glen Elendra,1
Faeries (1),Limited,Undersea Invader,1
Faeries (1),Limited,Fleeting Distraction,1
Faeries (1),Limited,Thriving Isle,1
Faeries (1),Limited,Island,7
Faeries (2),Limited,Stolen by the Fae,1
Faeries (2),Limited,Synchronized Eviction,1
Faeries (2),Limited,Instruments of War,1
Faeries (2),Limited,Stinging Lionfish,1
Faeries (2),Limited,Glen Elendra Pranksters,1
Faeries (2),Limited,Undersea Invader,1
Faeries (2),Limited,Soul Read,1
Faeries (2),Limited,Spellstutter Sprite,1
Faeries (2),Limited,Faerie Seer,1
Faeries (2),Limited,Pestermite,1
Faeries (2),Limited,Sentinels of Glen Elendra,1
Faeries (2),Limited,So Tiny,1
Faeries (2),Limited,Thriving Isle,1
Faeries (2),Limited,Island,7
Merfolk (1),Limited,Seafloor Oracle,1
Merfolk (1),Limited,Merrow Reejerey,1
Merfolk (1),Limited,River Sneak,1
Merfolk (1),Limited,Sage of the Falls,1
Merfolk (1),Limited,Aquatic Incursion,1
Merfolk (1),Limited,Soul Read,1
Merfolk (1),Limited,Triton Shorestalker,1
Merfolk (1),Limited,Shaper Apprentice,1
Merfolk (1),Limited,Watertrap Weaver,1
Merfolk (1),Limited,Storm Sculptor,1
Merfolk (1),Limited,One With the Wind,1
Merfolk (1),Limited,Crashing Tide,1
Merfolk (1),Limited,Thriving Isle,1
Merfolk (1),Limited,Island,7
Merfolk (2),Limited,Svyelun of Sea and Sky,1
Merfolk (2),Limited,Synchronized Eviction,1
Merfolk (2),Limited,Merrow Reejerey,1
Merfolk (2),Limited,River Sneak,1
Merfolk (2),Limited,Windrider Patrol,1
Merfolk (2),Limited,Merfolk Pupil,1
Merfolk (2),Limited,Soul Read,1
Merfolk (2),Limited,Triton Shorestalker,1
Merfolk (2),Limited,Watertrap Weaver,1
Merfolk (2),Limited,Saltwater Stalwart,1
Merfolk (2),Limited,One With the Wind,1
Merfolk (2),Limited,Crashing Tide,1
Merfolk (2),Limited,Thriving Isle,1
Merfolk (2),Limited,Island,7
Merfolk (3),Limited,Harbinger of the Tides,1
Merfolk (3),Limited,Wake Thrasher,1
Merfolk (3),Limited,Synchronized Eviction,1
Merfolk (3),Limited,Merrow Reejerey,1
Merfolk (3),Limited,Fallowsage,1
Merfolk (3),Limited,Windrider Patrol,1
Merfolk (3),Limited,Soul Read,1
Merfolk (3),Limited,Triton Shorestalker,1
Merfolk (3),Limited,Stonybrook Angler,1
Merfolk (3),Limited,Watertrap Weaver,1
Merfolk (3),Limited,One With the Wind,1
Merfolk (3),Limited,Crashing Tide,1
Merfolk (3),Limited,Thriving Isle,1
Merfolk (3),Limited,Island,7
Merfolk (4),Limited,Merfolk Sovereign,1
Merfolk (4),Limited,Merrow Reejerey,1
Merfolk (4),Limited,River Sneak,1
Merfolk (4),Limited,Windrider Patrol,1
Merfolk (4),Limited,Aquatic Incursion,1
Merfolk (4),Limited,Soul Read,1
Merfolk (4),Limited,Triton Shorestalker,1
Merfolk (4),Limited,Watertrap Weaver,1
Merfolk (4),Limited,Library Larcenist,1
Merfolk (4),Limited,Saltwater Stalwart,1
Merfolk (4),Limited,One With the Wind,1
Merfolk (4),Limited,Crashing Tide,1
Merfolk (4),Limited,Thriving Isle,1
Merfolk (4),Limited,Island,7
Detective (1),Limited,Mechanized Production,1
Detective (1),Limited,Hold for Questioning,1
Detective (1),Limited,Magnifying Glass,1
Detective (1),Limited,Shambling Suit,1
Detective (1),Limited,Filigree Attendant,1
Detective (1),Limited,Dutiful Replicator,1
Detective (1),Limited,Floodhound,1
Detective (1),Limited,Vedalken Engineer,1
Detective (1),Limited,Drownyard Explorers,1
Detective (1),Limited,Gearseeker Serpent,1
Detective (1),Limited,Press for Answers,1
Detective (1),Limited,Jace's Scrutiny,1
Detective (1),Limited,Thriving Isle,1
Detective (1),Limited,Island,7
Detective (2),Limited,Teferi's Puzzle Box,1
Detective (2),Limited,Psychosis Crawler,1
Detective (2),Limited,Hold for Questioning,1
Detective (2),Limited,Magnifying Glass,1
Detective (2),Limited,Oneirophage,1
Detective (2),Limited,Tolarian Kraken,1
Detective (2),Limited,Floodhound,1
Detective (2),Limited,Vedalken Engineer,1
Detective (2),Limited,Aeronaut Tinkerer,1
Detective (2),Limited,Drownyard Explorers,1
Detective (2),Limited,Press for Answers,1
Detective (2),Limited,Jace's Scrutiny,1
Detective (2),Limited,Thriving Isle,1
Detective (2),Limited,Island,7
Detective (3),Limited,Shimmer Dragon,1
Detective (3),Limited,Hold for Questioning,1
Detective (3),Limited,Magnifying Glass,1
Detective (3),Limited,Lumengrid Sentinel,1
Detective (3),Limited,Skilled Animator,1
Detective (3),Limited,Dutiful Replicator,1
Detective (3),Limited,Floodhound,1
Detective (3),Limited,Vedalken Engineer,1
Detective (3),Limited,Drownyard Explorers,1
Detective (3),Limited,Weldfast Wingsmith,1
Detective (3),Limited,Press for Answers,1
Detective (3),Limited,Jace's Scrutiny,1
Detective (3),Limited,Thriving Isle,1
Detective (3),Limited,Island,7
Detective (4),Limited,"Tamiyo, the Moon Sage",1
Detective (4),Limited,Tamiyo's Journal,1
Detective (4),Limited,Hold for Questioning,1
Detective (4),Limited,Magnifying Glass,1
Detective (4),Limited,Erdwal Illuminator,1
Detective (4),Limited,"Syr Elenora, the Discerning",1
Detective (4),Limited,Dutiful Replicator,1
Detective (4),Limited,Floodhound,1
Detective (4),Limited,Vedalken Engineer,1
Detective (4),Limited,Drownyard Explorers,1
Detective (4),Limited,Press for Answers,1
Detective (4),Limited,Jace's Scrutiny,1
Detective (4),Limited,Thriving Isle,1
Detective (4),Limited,Island,7
Think Again (1),Limited,"Jace, Arcane Strategist",1
Think Again (1),Limited,Spectral Sailor,1
Think Again (1),Limited,Faerie Vandal,1
Think Again (1),Limited,Serum Visions,1
Think Again (1),Limited,Memorial to Genius,1
Think Again (1),Limited,Soul Read,1
Think Again (1),Limited,Merfolk Pupil,1
Think Again (1),Limited,Eyekite,1
Think Again (1),Limited,Mystic Skyfish,1
Think Again (1),Limited,Teferi's Protege,1
Think Again (1),Limited,Tome Anima,1
Think Again (1),Limited,Steelgaze Griffin,1
Think Again (1),Limited,Drag Under,1
Think Again (1),Limited,Thriving Isle,1
Think Again (1),Limited,Island,6
Think Again (2),Limited,"Alandra, Sky Dreamer",1
Think Again (2),Limited,Spectral Sailor,1
Think Again (2),Limited,Faerie Vandal,1
Think Again (2),Limited,Hedron Archive,1
Think Again (2),Limited,Eternity Snare,1
Think Again (2),Limited,Soul Read,1
Think Again (2),Limited,Merfolk Pupil,1
Think Again (2),Limited,Mystic Skyfish,1
Think Again (2),Limited,Teferi's Protege,1
Think Again (2),Limited,Tome Anima,1
Think Again (2),Limited,Steelgaze Griffin,1
Think Again (2),Limited,Opt,1
Think Again (2),Limited,Thriving Isle,1
Think Again (2),Limited,Island,7
Think Again (3),Limited,"Alandra, Sky Dreamer",1
Think Again (3),Limited,Spectral Sailor,1
Think Again (3),Limited,Faerie Vandal,1
Think Again (3),Limited,Neutralize,1
Think Again (3),Limited,Lay Claim,1
Think Again (3),Limited,Merfolk Pupil,1
Think Again (3),Limited,Mystic Skyfish,1
Think Again (3),Limited,Teferi's Protege,1
Think Again (3),Limited,Tome Anima,1
Think Again (3),Limited,Steelgaze Griffin,1
Think Again (3),Limited,Startling Development,1
Think Again (3),Limited,Hieroglyphic Illumination,1
Think Again (3),Limited,Thriving Isle,1
Think Again (3),Limited,Desert of the Mindful,1
Think Again (3),Limited,Island,6
Think Again (4),Limited,Faerie Formation,1
Think Again (4),Limited,Spectral Sailor,1
Think Again (4),Limited,Faerie Vandal,1
Think Again (4),Limited,Military Intelligence,1
Think Again (4),Limited,Memorial to Genius,1
Think Again (4),Limited,Soul Read,1
Think Again (4),Limited,Merfolk Pupil,1
Think Again (4),Limited,Mystic Skyfish,1
Think Again (4),Limited,Teferi's Protege,1
Think Again (4),Limited,Tome Anima,1
Think Again (4),Limited,Steelgaze Griffin,1
Think Again (4),Limited,Mantle of Tides,1
Think Again (4),Limited,Leave in the Dust,1
Think Again (4),Limited,Thriving Isle,1
Think Again (4),Limited,Island,6
Inventive (1),Limited,"Tezzeret, Artifice Master",1
Inventive (1),Limited,Planar Atlas,1
Inventive (1),Limited,Launch Mishap,1
Inventive (1),Limited,Whirler Rogue,1
Inventive (1),Limited,Skilled Animator,1
Inventive (1),Limited,Merfolk Pupil,1
Inventive (1),Limited,Gearsmith Prodigy,1
Inventive (1),Limited,Aviation Pioneer,1
Inventive (1),Limited,Gearsmith Guardian,1
Inventive (1),Limited,Gearseeker Serpent,1
Inventive (1),Limited,Aether Spellbomb,1
Inventive (1),Limited,Artificer's Epiphany,1
Inventive (1),Limited,Thriving Isle,1
Inventive (1),Limited,Seat of the Synod,1
Inventive (1),Limited,Island,6
Inventive (2),Limited,Hangarback Walker,1
Inventive (2),Limited,Launch Mishap,1
Inventive (2),Limited,Whirler Rogue,1
Inventive (2),Limited,Renowned Weaponsmith,1
Inventive (2),Limited,Juggernaut,1
Inventive (2),Limited,Gearsmith Prodigy,1
Inventive (2),Limited,Aeronaut Tinkerer,1
Inventive (2),Limited,Aviation Pioneer,1
Inventive (2),Limited,Gearseeker Serpent,1
Inventive (2),Limited,Heart-Piercer Bow,1
Inventive (2),Limited,Vial of Dragonfire,1
Inventive (2),Limited,Artificer's Epiphany,1
Inventive (2),Limited,Thriving Isle,1
Inventive (2),Limited,Seat of the Synod,1
Inventive (2),Limited,Island,6
Inventive (3),Limited,Steel Overseer,1
Inventive (3),Limited,Thopter Spy Network,1
Inventive (3),Limited,Launch Mishap,1
Inventive (3),Limited,Whirler Rogue,1
Inventive (3),Limited,Clockwork Hydra,1
Inventive (3),Limited,Whirlermaker,1
Inventive (3),Limited,Gearsmith Prodigy,1
Inventive (3),Limited,Aviation Pioneer,1
Inventive (3),Limited,Pilgrim's Eye,1
Inventive (3),Limited,Gearseeker Serpent,1
Inventive (3),Limited,Aether Spellbomb,1
Inventive (3),Limited,Artificer's Epiphany,1
Inventive (3),Limited,Thriving Isle,1
Inventive (3),Limited,Seat of the Synod,1
Inventive (3),Limited,Island,6
Inventive (4),Limited,Solemn Simulacrum,1
Inventive (4),Limited,Launch Mishap,1
Inventive (4),Limited,Whirler Rogue,1
Inventive (4),Limited,Cogwork Assembler,1
Inventive (4),Limited,Mishra's Factory,1
Inventive (4),Limited,Dutiful Replicator,1
Inventive (4),Limited,Gearsmith Prodigy,1
Inventive (4),Limited,Aviation Pioneer,1
Inventive (4),Limited,Assembly-Worker,1
Inventive (4),Limited,Self-Assembler,1
Inventive (4),Limited,Gearseeker Serpent,1
Inventive (4),Limited,Aether Spellbomb,1
Inventive (4),Limited,Artificer's Epiphany,1
Inventive (4),Limited,Thriving Isle,1
Inventive (4),Limited,Seat of the Synod,1
Inventive (4),Limited,Island,5
Unlucky Thirteen,Limited,Tree of Perdition,1
Unlucky Thirteen,Limited,Triskaidekaphobia,1
Unlucky Thirteen,Limited,Disciple of Perdition,1
Unlucky Thirteen,Limited,Sling-Gang Lieutenant,1
Unlucky Thirteen,Limited,Ruthless Disposal,1
Unlucky Thirteen,Limited,Exsanguinate,1
Unlucky Thirteen,Limited,Blight Keeper,1
Unlucky Thirteen,Limited,Gnawing Zombie,1
Unlucky Thirteen,Limited,Skirsdag Supplicant,1
Unlucky Thirteen,Limited,Soulcage Fiend,1
Unlucky Thirteen,Limited,Dread Rider,1
Unlucky Thirteen,Limited,Tragic Slip,1
Unlucky Thirteen,Limited,Piranha Marsh,1
Unlucky Thirteen,Limited,Thriving Moor,1
Unlucky Thirteen,Limited,Swamp,6
Rats,Limited,Ashcoat of the Shadow Swarm,1
Rats,Limited,Ogre Slumlord,1
Rats,Limited,Nezumi Bone-Reader,1
Rats,Limited,Crypt Rats,1
Rats,Limited,Infiltration Lens,1
Rats,Limited,Ulcerate,1
Rats,Limited,Ossuary Rats,1
Rats,Limited,Typhoid Rats,1
Rats,Limited,Burglar Rat,1
Rats,Limited,Sinuous Vermin,1
Rats,Limited,Chittering Rats,1
Rats,Limited,Eviscerate,1
Rats,Limited,Thriving Moor,1
Rats,Limited,Swamp,7
Demons (1),Limited,"Kothophed, Soul Hoarder",1
Demons (1),Limited,Conductor of Cacophony,1
Demons (1),Limited,Disciple of Perdition,1
Demons (1),Limited,Demon's Disciple,1
Demons (1),Limited,Inner Demon,1
Demons (1),Limited,Infernal Idol,1
Demons (1),Limited,Diabolic Edict,1
Demons (1),Limited,Renegade Demon,1
Demons (1),Limited,Takenuma Bleeder,1
Demons (1),Limited,Fetid Imp,1
Demons (1),Limited,Soulcage Fiend,1
Demons (1),Limited,Demon's Grasp,1
Demons (1),Limited,Thriving Moor,1
Demons (1),Limited,Swamp,7
Demons (2),Limited,Demon of Catastrophes,1
Demons (2),Limited,"Seizan, Perverter of Truth",1
Demons (2),Limited,Conductor of Cacophony,1
Demons (2),Limited,Disciple of Perdition,1
Demons (2),Limited,Demon's Disciple,1
Demons (2),Limited,Dreadhound,1
Demons (2),Limited,Infernal Idol,1
Demons (2),Limited,Diabolic Edict,1
Demons (2),Limited,Doomed Dissenter,1
Demons (2),Limited,Takenuma Bleeder,1
Demons (2),Limited,Demonic Gifts,1
Demons (2),Limited,Demon's Grasp,1
Demons (2),Limited,Thriving Moor,1
Demons (2),Limited,Swamp,7
Boneyard (1),Limited,Oversold Cemetery,1
Boneyard (1),Limited,Ossuary Rats,1
Boneyard (1),Limited,Stitcher's Supplier,1
Boneyard (1),Limited,Revenant,1
Boneyard (1),Limited,Necrotic Wound,1
Boneyard (1),Limited,Suspicious Shambler,1
Boneyard (1),Limited,Wailing Ghoul,1
Boneyard (1),Limited,Pit Keeper,1
Boneyard (1),Limited,Spark Reaper,1
Boneyard (1),Limited,Gorging Vulture,1
Boneyard (1),Limited,Moodmark Painter,1
Boneyard (1),Limited,Corpse Churn,1
Boneyard (1),Limited,Thriving Moor,1
Boneyard (1),Limited,Swamp,7
Boneyard (2),Limited,Shadowborn Demon,1
Boneyard (2),Limited,Graveblade Marauder,1
Boneyard (2),Limited,Ossuary Rats,1
Boneyard (2),Limited,Stitcher's Supplier,1
Boneyard (2),Limited,Liliana's Elite,1
Boneyard (2),Limited,Necrotic Wound,1
Boneyard (2),Limited,Suspicious Shambler,1
Boneyard (2),Limited,Ghoul's Feast,1
Boneyard (2),Limited,Wailing Ghoul,1
Boneyard (2),Limited,Gorging Vulture,1
Boneyard (2),Limited,Moodmark Painter,1
Boneyard (2),Limited,Corpse Churn,1
Boneyard (2),Limited,Thriving Moor,1
Boneyard (2),Limited,Swamp,7
Morbid (1),Limited,Reaper from the Abyss,1
Morbid (1),Limited,Disciple of Perdition,1
Morbid (1),Limited,Morkrut Banshee,1
Morbid (1),Limited,Spawning Pit,1
Morbid (1),Limited,Bone Picker,1
Morbid (1),Limited,Suspicious Shambler,1
Morbid (1),Limited,Tragic Slip,1
Morbid (1),Limited,Wakedancer,1
Morbid (1),Limited,Liliana's Steward,1
Morbid (1),Limited,Durable Coilbug,1
Morbid (1),Limited,Village Rites,1
Morbid (1),Limited,Reave Soul,1
Morbid (1),Limited,Mortuary Mire,1
Morbid (1),Limited,Thriving Moor,1
Morbid (1),Limited,Swamp,6
Morbid (2),Limited,Priest of the Blood Rite,1
Morbid (2),Limited,Skirsdag High Priest,1
Morbid (2),Limited,Morkrut Banshee,1
Morbid (2),Limited,Reassembling Skeleton,1
Morbid (2),Limited,Bone Picker,1
Morbid (2),Limited,Vampiric Rites,1
Morbid (2),Limited,Suspicious Shambler,1
Morbid (2),Limited,Wakedancer,1
Morbid (2),Limited,Tragic Slip,1
Morbid (2),Limited,Liliana's Steward,1
Morbid (2),Limited,Village Rites,1
Morbid (2),Limited,Reave Soul,1
Morbid (2),Limited,Mortuary Mire,1
Morbid (2),Limited,Thriving Moor,1
Morbid (2),Limited,Swamp,6
Cruel (1),Limited,Termination Facilitator,1
Cruel (1),Limited,Feast on the Fallen,1
Cruel (1),Limited,"Syr Konrad, the Grim",1
Cruel (1),Limited,Talon of Pain,1
Cruel (1),Limited,"Ob Nixilis, the Hate-Twisted",1
Cruel (1),Limited,Infernal Idol,1
Cruel (1),Limited,Ossuary Rats,1
Cruel (1),Limited,Creeping Bloodsucker,1
Cruel (1),Limited,Tormented Soul,1
Cruel (1),Limited,Alley Strangler,1
Cruel (1),Limited,Wicked Guardian,1
Cruel (1),Limited,Ob Nixilis's Cruelty,1
Cruel (1),Limited,Thriving Moor,1
Cruel (1),Limited,Swamp,7
Cruel (2),Limited,Termination Facilitator,1
Cruel (2),Limited,Feast on the Fallen,1
Cruel (2),Limited,Plague Spitter,1
Cruel (2),Limited,Nested Ghoul,1
Cruel (2),Limited,Talon of Pain,1
Cruel (2),Limited,Creeping Bloodsucker,1
Cruel (2),Limited,Ossuary Rats,1
Cruel (2),Limited,Infernal Idol,1
Cruel (2),Limited,Alley Strangler,1
Cruel (2),Limited,Lurking Deadeye,1
Cruel (2),Limited,Mire Blight,1
Cruel (2),Limited,Consign to the Pit,1
Cruel (2),Limited,Thriving Moor,1
Cruel (2),Limited,Swamp,7
Cruel (3),Limited,Cruel Sadist,1
Cruel (3),Limited,Dread Slaver,1
Cruel (3),Limited,Conductor of Cacophony,1
Cruel (3),Limited,Feast on the Fallen,1
Cruel (3),Limited,Festering Evil,1
Cruel (3),Limited,Talon of Pain,1
Cruel (3),Limited,Infernal Idol,1
Cruel (3),Limited,Ossuary Rats,1
Cruel (3),Limited,Creeping Bloodsucker,1
Cruel (3),Limited,Hooded Assassin,1
Cruel (3),Limited,Alley Strangler,1
Cruel (3),Limited,Mire Blight,1
Cruel (3),Limited,Thriving Moor,1
Cruel (3),Limited,Swamp,7
Cruel (4),Limited,Dread Presence,1
Cruel (4),Limited,Conductor of Cacophony,1
Cruel (4),Limited,Feast on the Fallen,1
Cruel (4),Limited,Nested Ghoul,1
Cruel (4),Limited,Talon of Pain,1
Cruel (4),Limited,Ossuary Rats,1
Cruel (4),Limited,Infernal Idol,1
Cruel (4),Limited,Creeping Bloodsucker,1
Cruel (4),Limited,Tormented Soul,1
Cruel (4),Limited,Hooded Assassin,1
Cruel (4),Limited,Alley Strangler,1
Cruel (4),Limited,Mire Blight,1
Cruel (4),Limited,Thriving Moor,1
Cruel (4),Limited,Swamp,7
Fangs (1),Limited,Rodolf Duskbringer,1
Fangs (1),Limited,Oathsworn Vampire,1
Fangs (1),Limited,Feast of Blood,1
Fangs (1),Limited,Bloodthirsty Aerialist,1
Fangs (1),Limited,Falkenrath Noble,1
Fangs (1),Limited,Creeping Bloodsucker,1
Fangs (1),Limited,Marauding Blight-Priest,1
Fangs (1),Limited,Vampire Envoy,1
Fangs (1),Limited,Epicure of Blood,1
Fangs (1),Limited,Moment of Craving,1
Fangs (1),Limited,Ill-Gotten Inheritance,1
Fangs (1),Limited,Blood Price,1
Fangs (1),Limited,Thriving Moor,1
Fangs (1),Limited,Swamp,7
Fangs (2),Limited,Rodolf Duskbringer,1
Fangs (2),Limited,Bloodtracker,1
Fangs (2),Limited,Oathsworn Vampire,1
Fangs (2),Limited,Bloodthirsty Aerialist,1
Fangs (2),Limited,Falkenrath Noble,1
Fangs (2),Limited,Vampiric Rites,1
Fangs (2),Limited,Creeping Bloodsucker,1
Fangs (2),Limited,Marauding Blight-Priest,1
Fangs (2),Limited,Vampire Envoy,1
Fangs (2),Limited,Moment of Craving,1
Fangs (2),Limited,Ill-Gotten Inheritance,1
Fangs (2),Limited,Certain Death,1
Fangs (2),Limited,Thriving Moor,1
Fangs (2),Limited,Swamp,7
Fangs (3),Limited,"Tivash, Gloom Summoner",1
Fangs (3),Limited,Oathsworn Vampire,1
Fangs (3),Limited,Blood Artist,1
Fangs (3),Limited,Bloodbond Vampire,1
Fangs (3),Limited,Ancient Craving,1
Fangs (3),Limited,Creeping Bloodsucker,1
Fangs (3),Limited,Vampire Envoy,1
Fangs (3),Limited,Marauding Blight-Priest,1
Fangs (3),Limited,Nirkana Assassin,1
Fangs (3),Limited,Moment of Craving,1
Fangs (3),Limited,Ill-Gotten Inheritance,1
Fangs (3),Limited,Certain Death,1
Fangs (3),Limited,Thriving Moor,1
Fangs (3),Limited,Swamp,7
Fangs (4),Limited,"Vito, Thorn of the Dusk Rose",1
Fangs (4),Limited,Oathsworn Vampire,1
Fangs (4),Limited,Blood Artist,1
Fangs (4),Limited,Feast of Blood,1
Fangs (4),Limited,Bloodbond Vampire,1
Fangs (4),Limited,Creeping Bloodsucker,1
Fangs (4),Limited,Vampire Envoy,1
Fangs (4),Limited,Marauding Blight-Priest,1
Fangs (4),Limited,Kalastria Nightwatch,1
Fangs (4),Limited,Moment of Craving,1
Fangs (4),Limited,Ill-Gotten Inheritance,1
Fangs (4),Limited,Blood Price,1
Fangs (4),Limited,Thriving Moor,1
Fangs (4),Limited,Swamp,7
Zombies (1),Limited,Gravecrawler,1
Zombies (1),Limited,Necromancer's Stockpile,1
Zombies (1),Limited,Deadly Plot,1
Zombies (1),Limited,Lord of the Accursed,1
Zombies (1),Limited,Mire Triton,1
Zombies (1),Limited,Gravedigger,1
Zombies (1),Limited,Suspicious Shambler,1
Zombies (1),Limited,Crow of Dark Tidings,1
Zombies (1),Limited,Karfell Kennel-Master,1
Zombies (1),Limited,Maalfeld Twins,1
Zombies (1),Limited,Dead Weight,1
Zombies (1),Limited,Cemetery Recruitment,1
Zombies (1),Limited,Thriving Moor,1
Zombies (1),Limited,Swamp,7
Zombies (2),Limited,"Liliana, Death's Majesty",1
Zombies (2),Limited,Deadly Plot,1
Zombies (2),Limited,Lord of the Accursed,1
Zombies (2),Limited,Stitcherâ€™s Supplier,1
Zombies (2),Limited,Gravedigger,1
Zombies (2),Limited,Suspicious Shambler,1
Zombies (2),Limited,Returned Reveler,1
Zombies (2),Limited,Crow of Dark Tidings,1
Zombies (2),Limited,Ghoulraiser,1
Zombies (2),Limited,Maalfeld Twins,1
Zombies (2),Limited,Dead Weight,1
Zombies (2),Limited,Cemetery Recruitment,1
Zombies (2),Limited,Thriving Moor,1
Zombies (2),Limited,Swamp,7
Zombies (3),Limited,Endless Ranks of the Dead,1
Zombies (3),Limited,Deadly Plot,1
Zombies (3),Limited,Lord of the Accursed,1
Zombies (3),Limited,Mire Triton,1
Zombies (3),Limited,Graf Harvest,1
Zombies (3),Limited,Suspicious Shambler,1
Zombies (3),Limited,Gnawing Zombie,1
Zombies (3),Limited,Crow of Dark Tidings,1
Zombies (3),Limited,Gavony Unhallowed,1
Zombies (3),Limited,Maalfeld Twins,1
Zombies (3),Limited,Dead Weight,1
Zombies (3),Limited,Cemetery Recruitment,1
Zombies (3),Limited,Thriving Moor,1
Zombies (3),Limited,Swamp,7
Zombies (4),Limited,Liliana's Mastery,1
Zombies (4),Limited,Deadly Plot,1
Zombies (4),Limited,Lord of the Accursed,1
Zombies (4),Limited,Undead Augur,1
Zombies (4),Limited,Cellar Door,1
Zombies (4),Limited,Suspicious Shambler,1
Zombies (4),Limited,Shambling Ghoul,1
Zombies (4),Limited,Crow of Dark Tidings,1
Zombies (4),Limited,Marauding Boneslasher,1
Zombies (4),Limited,Maalfeld Twins,1
Zombies (4),Limited,Dead Weight,1
Zombies (4),Limited,Cemetery Recruitment,1
Zombies (4),Limited,Thriving Moor,1
Zombies (4),Limited,Swamp,7
Gross (1),Limited,Massacre Wurm,1
Gross (1),Limited,Skullslither Worm,1
Gross (1),Limited,Plaguecrafter,1
Gross (1),Limited,Leechridden Swamp,1
Gross (1),Limited,"Yargle, Glutton of Urborg",1
Gross (1),Limited,Infernal Idol,1
Gross (1),Limited,Blight Keeper,1
Gross (1),Limited,Black Cat,1
Gross (1),Limited,Durable Coilbug,1
Gross (1),Limited,Devouring Swarm,1
Gross (1),Limited,Eaten Alive,1
Gross (1),Limited,Grotesque Mutation,1
Gross (1),Limited,Strangling Spores,1
Gross (1),Limited,Thriving Moor,1
Gross (1),Limited,Swamp,6
Gross (2),Limited,Phyrexian Plaguelord,1
Gross (2),Limited,Plaguecrafter,1
Gross (2),Limited,Skullslither Worm,1
Gross (2),Limited,Phyrexian Reclamation,1
Gross (2),Limited,Blighted Fen,1
Gross (2),Limited,Blight Keeper,1
Gross (2),Limited,Durable Coilbug,1
Gross (2),Limited,Deathbloom Thallid,1
Gross (2),Limited,Devouring Swarm,1
Gross (2),Limited,Phyrexian Debaser,1
Gross (2),Limited,Eaten Alive,1
Gross (2),Limited,Fungal Infection,1
Gross (2),Limited,Grotesque Mutation,1
Gross (2),Limited,Thriving Moor,1
Gross (2),Limited,Swamp,6
Gross (3),Limited,Deathbringer Regent,1
Gross (3),Limited,Plaguecrafter,1
Gross (3),Limited,Skullslither Worm,1
Gross (3),Limited,Kraul Swarm,1
Gross (3),Limited,Death Wind,1
Gross (3),Limited,Blight Keeper,1
Gross (3),Limited,Durable Coilbug,1
Gross (3),Limited,Dune Beetle,1
Gross (3),Limited,Devouring Swarm,1
Gross (3),Limited,Eaten Alive,1
Gross (3),Limited,Grotesque Mutation,1
Gross (3),Limited,Infernal Idol,1
Gross (3),Limited,Thriving Moor,1
Gross (3),Limited,Swamp,7
Gross (4),Limited,Ophiomancer,1
Gross (4),Limited,Plaguecrafter,1
Gross (4),Limited,Skullslither Worm,1
Gross (4),Limited,Swarm of Bloodflies,1
Gross (4),Limited,Witch's Cauldron,1
Gross (4),Limited,Blight Keeper,1
Gross (4),Limited,Vermin Gorger,1
Gross (4),Limited,Durable Coilbug,1
Gross (4),Limited,Devouring Swarm,1
Gross (4),Limited,Ossuary Rats,1
Gross (4),Limited,Eaten Alive,1
Gross (4),Limited,Grotesque Mutation,1
Gross (4),Limited,Thriving Moor,1
Gross (4),Limited,Swamp,7
Spicy,Limited,"Auntie Blyte, Bad Influence",1
Spicy,Limited,Loxodon Warhammer,1
Spicy,Limited,Impending Doom,1
Spicy,Limited,Goblin Artillery,1
Spicy,Limited,Goblin Psychopath,1
Spicy,Limited,Ravenous Giant,1
Spicy,Limited,Spear Spewer,1
Spicy,Limited,Fireslinger,1
Spicy,Limited,Smoldering Efreet,1
Spicy,Limited,Coalhauler Swine,1
Spicy,Limited,Aftershock,1
Spicy,Limited,Sarkhan's Rage,1
Spicy,Limited,Thriving Bluff,1
Spicy,Limited,Mountain,7
Speedy,Limited,"Kiki-Jiki, Mirror Breaker",1
Speedy,Limited,"Ardoz, Cobbler of War",1
Speedy,Limited,Bolt Hound,1
Speedy,Limited,Warcry Phoenix,1
Speedy,Limited,Markov Warlord,1
Speedy,Limited,Fiery Conclusion,1
Speedy,Limited,Fanatical Firebrand,1
Speedy,Limited,Nest Robber,1
Speedy,Limited,Mudbutton Torchrunner,1
Speedy,Limited,Irreverent Revelers,1
Speedy,Limited,Rush of Adrenaline,1
Speedy,Limited,Swift Kick,1
Speedy,Limited,Thriving Bluff,1
Speedy,Limited,Mountain,7
Experimental (1),Limited,Ignite the Future,1
Experimental (1),Limited,"Mizzix, Replica Rider",1
Experimental (1),Limited,Young Pyromancer,1
Experimental (1),Limited,Grotag Night-Runner,1
Experimental (1),Limited,Seize the Storm,1
Experimental (1),Limited,Lightning Axe,1
Experimental (1),Limited,Thermo-Alchemist,1
Experimental (1),Limited,Spellgorger Weird,1
Experimental (1),Limited,Catalyst Elemental,1
Experimental (1),Limited,Goblin Researcher,1
Experimental (1),Limited,Firebolt,1
Experimental (1),Limited,Electric Revelation,1
Experimental (1),Limited,Thriving Bluff,1
Experimental (1),Limited,Mountain,7
Experimental (2),Limited,"Mizzix, Replica Rider",1
Experimental (2),Limited,Grotag Night-Runner,1
Experimental (2),Limited,Cyclops Electromancer,1
Experimental (2),Limited,Spark of Creativity,1
Experimental (2),Limited,Act on Impulse,1
Experimental (2),Limited,Thermo-Alchemist,1
Experimental (2),Limited,Sparkmage Apprentice,1
Experimental (2),Limited,Catalyst Elemental,1
Experimental (2),Limited,Goblin Researcher,1
Experimental (2),Limited,Firebolt,1
Experimental (2),Limited,Electric Revelation,1
Experimental (2),Limited,Electrify,1
Experimental (2),Limited,Thriving Bluff,1
Experimental (2),Limited,Mountain,7
Dragons (1),Limited,"Sarkhan, the Dragonspeaker",1
Dragons (1),Limited,Sarkhan's Whelp,1
Dragons (1),Limited,Dragon Egg,1
Dragons (1),Limited,Furnace Whelp,1
Dragons (1),Limited,Dragon Mage,1
Dragons (1),Limited,Dragon Fodder,1
Dragons (1),Limited,Kargan Dragonrider,1
Dragons (1),Limited,Bogardan Dragonheart,1
Dragons (1),Limited,Plundering Predator,1
Dragons (1),Limited,Tormenting Voice,1
Dragons (1),Limited,Scorching Dragonfire,1
Dragons (1),Limited,Sarkhan's Rage,1
Dragons (1),Limited,Thriving Bluff,1
Dragons (1),Limited,Mountain,7
Dragons (2),Limited,"Lathliss, Dragon Queen",1
Dragons (2),Limited,Dragon's Hoard,1
Dragons (2),Limited,Dragonlord's Servant,1
Dragons (2),Limited,Dragonspeaker Shaman,1
Dragons (2),Limited,Furnace Whelp,1
Dragons (2),Limited,Dragon Mage,1
Dragons (2),Limited,Kargan Dragonrider,1
Dragons (2),Limited,Plundering Predator,1
Dragons (2),Limited,Sparktongue Dragon,1
Dragons (2),Limited,Scorching Dragonfire,1
Dragons (2),Limited,Tormenting Voice,1
Dragons (2),Limited,Sarkhan's Rage,1
Dragons (2),Limited,Thriving Bluff,1
Dragons (2),Limited,Mountain,7
Cycling (1),Limited,"Yidaro, Wandering Monster",1
Cycling (1),Limited,Flameblade Adept,1
Cycling (1),Limited,Rooting Moloch,1
Cycling (1),Limited,Reptilian Reflection,1
Cycling (1),Limited,Deem Worthy,1
Cycling (1),Limited,Drannith Stinger,1
Cycling (1),Limited,Prickly Marmoset,1
Cycling (1),Limited,Quakefoot Cyclops,1
Cycling (1),Limited,Plundering Predator,1
Cycling (1),Limited,Lava Serpent,1
Cycling (1),Limited,Go for Blood,1
Cycling (1),Limited,Shredded Sails,1
Cycling (1),Limited,Forgotten Cave,1
Cycling (1),Limited,Thriving Bluff,1
Cycling (1),Limited,Mountain,6
Cycling (2),Limited,Irencrag Pyromancer,1
Cycling (2),Limited,Starstorm,1
Cycling (2),Limited,Deem Worthy,1
Cycling (2),Limited,Mad Ratter,1
Cycling (2),Limited,Rooting Moloch,1
Cycling (2),Limited,Reptilian Reflection,1
Cycling (2),Limited,Drannith Stinger,1
Cycling (2),Limited,Bloodhaze Wolverine,1
Cycling (2),Limited,Prickly Marmoset,1
Cycling (2),Limited,Plundering Predator,1
Cycling (2),Limited,Go for Blood,1
Cycling (2),Limited,Raking Claws,1
Cycling (2),Limited,Forgotten Cave,1
Cycling (2),Limited,Thriving Bluff,1
Cycling (2),Limited,Mountain,6
Goblins (1),Limited,"Krenko, Mob Boss",1
Goblins (1),Limited,Hordeling Outburst,1
Goblins (1),Limited,Volley Veteran,1
Goblins (1),Limited,Battle Squadron,1
Goblins (1),Limited,Goblin Grenade,1
Goblins (1),Limited,Weaselback Redcap,1
Goblins (1),Limited,Dragon Fodder,1
Goblins (1),Limited,Subterranean Scout,1
Goblins (1),Limited,Rummaging Goblin,1
Goblins (1),Limited,Goblin Researcher,1
Goblins (1),Limited,Burn Bright,1
Goblins (1),Limited,Flame Lash,1
Goblins (1),Limited,Thriving Bluff,1
Goblins (1),Limited,Mountain,7
Goblins (2),Limited,"Ib Halfheart, Goblin Tactician",1
Goblins (2),Limited,Goblin Warchief,1
Goblins (2),Limited,Volley Veteran,1
Goblins (2),Limited,Goblin Rally,1
Goblins (2),Limited,Goblin Grenade,1
Goblins (2),Limited,Frenzied Goblin,1
Goblins (2),Limited,Dragon Fodder,1
Goblins (2),Limited,Goblin Trailblazer,1
Goblins (2),Limited,Rummaging Goblin,1
Goblins (2),Limited,Goblin Researcher,1
Goblins (2),Limited,Burn Bright,1
Goblins (2),Limited,Flame Lash,1
Goblins (2),Limited,Thriving Bluff,1
Goblins (2),Limited,Mountain,7
Goblins (3),Limited,"Muxus, Goblin Grandee",1
Goblins (3),Limited,Arms Dealer,1
Goblins (3),Limited,Volley Veteran,1
Goblins (3),Limited,Goblin Grenade,1
Goblins (3),Limited,Instruments of War,1
Goblins (3),Limited,Fanatical Firebrand,1
Goblins (3),Limited,Dragon Fodder,1
Goblins (3),Limited,Goblin Trailblazer,1
Goblins (3),Limited,Rummaging Goblin,1
Goblins (3),Limited,Goblin Researcher,1
Goblins (3),Limited,Burn Bright,1
Goblins (3),Limited,Destructive Tampering,1
Goblins (3),Limited,Thriving Bluff,1
Goblins (3),Limited,Mountain,7
Goblins (4),Limited,"Ardoz, Cobbler of War",1
Goblins (4),Limited,Goblin Rabblemaster,1
Goblins (4),Limited,Hordeling Outburst,1
Goblins (4),Limited,Volley Veteran,1
Goblins (4),Limited,Goblin Rally,1
Goblins (4),Limited,Goblin Grenade,1
Goblins (4),Limited,Torch Courier,1
Goblins (4),Limited,Dragon Fodder,1
Goblins (4),Limited,Rummaging Goblin,1
Goblins (4),Limited,Goblin Researcher,1
Goblins (4),Limited,Outnumber,1
Goblins (4),Limited,Burn Bright,1
Goblins (4),Limited,Thriving Bluff,1
Goblins (4),Limited,Mountain,7
Treasure (1),Limited,Captain Lannery Storm,1
Treasure (1),Limited,Sokenzan Smelter,1
Treasure (1),Limited,Blood Aspirant,1
Treasure (1),Limited,Rapacious Dragon,1
Treasure (1),Limited,Trove of Temptation,1
Treasure (1),Limited,Goldhound,1
Treasure (1),Limited,Dutiful Replicator,1
Treasure (1),Limited,Brazen Freebooter,1
Treasure (1),Limited,Ripscale Predator,1
Treasure (1),Limited,Sudden Breakthrough,1
Treasure (1),Limited,Goldvein Pick,1
Treasure (1),Limited,Welding Sparks,1
Treasure (1),Limited,Thriving Bluff,1
Treasure (1),Limited,Mountain,7
Treasure (2),Limited,Professional Face-Breaker,1
Treasure (2),Limited,Blood Aspirant,1
Treasure (2),Limited,Pyre-Sledge Arsonist,1
Treasure (2),Limited,Rapacious Dragon,1
Treasure (2),Limited,Barrage Ogre,1
Treasure (2),Limited,Goldhound,1
Treasure (2),Limited,Reckless Fireweaver,1
Treasure (2),Limited,Dutiful Replicator,1
Treasure (2),Limited,Brazen Freebooter,1
Treasure (2),Limited,Goldvein Pick,1
Treasure (2),Limited,Improvised Weaponry,1
Treasure (2),Limited,Welding Sparks,1
Treasure (2),Limited,Thriving Bluff,1
Treasure (2),Limited,Mountain,7
Treasure (3),Limited,Goldspan Dragon,1
Treasure (3),Limited,Blood Aspirant,1
Treasure (3),Limited,Rapacious Dragon,1
Treasure (3),Limited,Kuldotha Flamefiend,1
Treasure (3),Limited,Blaze,1
Treasure (3),Limited,Goldhound,1
Treasure (3),Limited,Vault Robber,1
Treasure (3),Limited,Dutiful Replicator,1
Treasure (3),Limited,Brazen Freebooter,1
Treasure (3),Limited,Goldvein Pick,1
Treasure (3),Limited,Welding Sparks,1
Treasure (3),Limited,Big Score,1
Treasure (3),Limited,Thriving Bluff,1
Treasure (3),Limited,Mountain,7
Treasure (4),Limited,"Gadrak, the Crown-Scourge",1
Treasure (4),Limited,Blood Aspirant,1
Treasure (4),Limited,Rapacious Dragon,1
Treasure (4),Limited,Kuldotha Flamefiend,1
Treasure (4),Limited,Trove of Temptation,1
Treasure (4),Limited,Goldhound,1
Treasure (4),Limited,Gleaming Barrier,1
Treasure (4),Limited,Dutiful Replicator,1
Treasure (4),Limited,Brazen Freebooter,1
Treasure (4),Limited,Goldvein Pick,1
Treasure (4),Limited,Welding Sparks,1
Treasure (4),Limited,Improvised Weaponry,1
Treasure (4),Limited,Thriving Bluff,1
Treasure (4),Limited,Mountain,7
Fiery (1),Limited,"Chandra, Flame's Fury",1
Fiery (1),Limited,Chandra's Pyreling,1
Fiery (1),Limited,Chandra's Spitfire,1
Fiery (1),Limited,Spiteful Prankster,1
Fiery (1),Limited,Coalborn Entity,1
Fiery (1),Limited,Chandra's Magmutt,1
Fiery (1),Limited,Goblin Researcher,1
Fiery (1),Limited,Wildfire Elemental,1
Fiery (1),Limited,Pillar of Flame,1
Fiery (1),Limited,Chandra's Pyrohelix,1
Fiery (1),Limited,Thrill of Possibility,1
Fiery (1),Limited,Fiery Intervention,1
Fiery (1),Limited,Thriving Bluff,1
Fiery (1),Limited,Mountain,7
Fiery (2),Limited,Magmatic Channeler,1
Fiery (2),Limited,Banefire,1
Fiery (2),Limited,Chandra's Pyreling,1
Fiery (2),Limited,Coalborn Entity,1
Fiery (2),Limited,Flames of the Firebrand,1
Fiery (2),Limited,Chandra's Spitfire,1
Fiery (2),Limited,Blisterspit Gremlin,1
Fiery (2),Limited,Goblin Researcher,1
Fiery (2),Limited,Wildfire Elemental,1
Fiery (2),Limited,Pillar of Flame,1
Fiery (2),Limited,Thrill of Possibility,1
Fiery (2),Limited,Fiery Intervention,1
Fiery (2),Limited,Thriving Bluff,1
Fiery (2),Limited,Mountain,7
Fiery (3),Limited,Ogre Battlecaster,1
Fiery (3),Limited,Chandra's Pyreling,1
Fiery (3),Limited,Chandra's Spitfire,1
Fiery (3),Limited,Dance with Devils,1
Fiery (3),Limited,Coalborn Entity,1
Fiery (3),Limited,Thermo-Alchemist,1
Fiery (3),Limited,Wildfire Elemental,1
Fiery (3),Limited,Pillar of Flame,1
Fiery (3),Limited,Thrill of Possibility,1
Fiery (3),Limited,Hungry Flames,1
Fiery (3),Limited,Flame Lash,1
Fiery (3),Limited,Fiery Intervention,1
Fiery (3),Limited,Thriving Bluff,1
Fiery (3),Limited,Mountain,7
Fiery (4),Limited,Ogre Battlecaster,1
Fiery (4),Limited,Chandra's Pyreling,1
Fiery (4),Limited,Chandra's Spitfire,1
Fiery (4),Limited,Coalborn Entity,1
Fiery (4),Limited,Cone of Flame,1
Fiery (4),Limited,Blisterspit Gremlin,1
Fiery (4),Limited,Viashino Pyromancer,1
Fiery (4),Limited,Wildfire Elemental,1
Fiery (4),Limited,Pillar of Flame,1
Fiery (4),Limited,Thrill of Possibility,1
Fiery (4),Limited,Searing Spear,1
Fiery (4),Limited,Fiery Intervention,1
Fiery (4),Limited,Thriving Bluff,1
Fiery (4),Limited,Mountain,7
Raid (1),Limited,"Kari Zev, Skyship Raider",1
Raid (1),Limited,Rigging Runner,1
Raid (1),Limited,War-Name Aspirant,1
Raid (1),Limited,Goblin Oriflamme,1
Raid (1),Limited,Daring Piracy,1
Raid (1),Limited,Lavastep Raider,1
Raid (1),Limited,Swaggering Corsair,1
Raid (1),Limited,Keldon Raider,1
Raid (1),Limited,Storm Fleet Pyromancer,1
Raid (1),Limited,Plundering Predator,1
Raid (1),Limited,Raze the Effigy,1
Raid (1),Limited,Firecannon Blast,1
Raid (1),Limited,Thriving Bluff,1
Raid (1),Limited,Mountain,7
Raid (2),Limited,Glint-Horn Buccaneer,1
Raid (2),Limited,Bag of Holding,1
Raid (2),Limited,Rigging Runner,1
Raid (2),Limited,War-Name Aspirant,1
Raid (2),Limited,Lightning Axe,1
Raid (2),Limited,Daring Piracy,1
Raid (2),Limited,Immersturm Raider,1
Raid (2),Limited,Swaggering Corsair,1
Raid (2),Limited,Storm Fleet Pyromancer,1
Raid (2),Limited,Plundering Predator,1
Raid (2),Limited,Keldon Raider,1
Raid (2),Limited,Firecannon Blast,1
Raid (2),Limited,Thriving Bluff,1
Raid (2),Limited,Mountain,7
Raid (3),Limited,Brazen Cannonade,1
Raid (3),Limited,Rigging Runner,1
Raid (3),Limited,War-Name Aspirant,1
Raid (3),Limited,Mardu Heart-Piercer,1
Raid (3),Limited,Daring Piracy,1
Raid (3),Limited,Axgard Cavalry,1
Raid (3),Limited,Swaggering Corsair,1
Raid (3),Limited,Keldon Raider,1
Raid (3),Limited,Storm Fleet Pyromancer,1
Raid (3),Limited,Plundering Predator,1
Raid (3),Limited,Fervent Strike,1
Raid (3),Limited,Firecannon Blast,1
Raid (3),Limited,Thriving Bluff,1
Raid (3),Limited,Mountain,7
Raid (4),Limited,Brazen Cannonade,1
Raid (4),Limited,Rigging Runner,1
Raid (4),Limited,War-Name Aspirant,1
Raid (4),Limited,Ordeal of Purphoros,1
Raid (4),Limited,Daring Piracy,1
Raid (4),Limited,Borderland Marauder,1
Raid (4),Limited,Swaggering Corsair,1
Raid (4),Limited,Brazen Wolves,1
Raid (4),Limited,Keldon Raider,1
Raid (4),Limited,Storm Fleet Pyromancer,1
Raid (4),Limited,Plundering Predator,1
Raid (4),Limited,Firecannon Blast,1
Raid (4),Limited,Thriving Bluff,1
Raid (4),Limited,Mountain,7
Eldrazi,Limited,World Breaker,1
Eldrazi,Limited,Endbringer,1
Eldrazi,Limited,Brood Monitor,1
Eldrazi,Limited,Ruin in Their Wake,1
Eldrazi,Limited,Planar Atlas,1
Eldrazi,Limited,Titan's Presence,1
Eldrazi,Limited,Blisterpod,1
Eldrazi,Limited,Stalking Drone,1
Eldrazi,Limited,Scion Summoner,1
Eldrazi,Limited,Warden of Geometries,1
Eldrazi,Limited,Ancient Stirrings,1
Eldrazi,Limited,Unnatural Aggression,1
Eldrazi,Limited,Warped Landscape,1
Eldrazi,Limited,Ash Barrens,1
Eldrazi,Limited,Wastes,1
Eldrazi,Limited,Forest,5
Primates,Limited,"Kibo, Uktabi Prince",1
Primates,Limited,Monkey Cage,1
Primates,Limited,Uktabi Orangutan,1
Primates,Limited,Towering Gibbon,1
Primates,Limited,Declare Dominance,1
Primates,Limited,Treetop Village,1
Primates,Limited,Wily Bandar,1
Primates,Limited,Scrounging Bandar,1
Primates,Limited,Silverback Shaman,1
Primates,Limited,Hooting Mandrills,1
Primates,Limited,Ram Through,1
Primates,Limited,Cultivate,1
Primates,Limited,Simian Brawler,1
Primates,Limited,Thriving Grove,1
Primates,Limited,Forest,6
Multi-Headed (1),Limited,Benevolent Hydra,1
Multi-Headed (1),Limited,Domesticated Hydra,1
Multi-Headed (1),Limited,Clockwork Hydra,1
Multi-Headed (1),Limited,Feral Hydra,1
Multi-Headed (1),Limited,Hydra's Growth,1
Multi-Headed (1),Limited,Servant of the Scale,1
Multi-Headed (1),Limited,Ilysian Caryatid,1
Multi-Headed (1),Limited,Fertilid,1
Multi-Headed (1),Limited,Adventurous Impulse,1
Multi-Headed (1),Limited,Scale the Heights,1
Multi-Headed (1),Limited,Hunter's Edge,1
Multi-Headed (1),Limited,Soul's Might,1
Multi-Headed (1),Limited,Thriving Grove,1
Multi-Headed (1),Limited,Forest,7
Multi-Headed (2),Limited,Primordial Hydra,1
Multi-Headed (2),Limited,Benevolent Hydra,1
Multi-Headed (2),Limited,Domesticated Hydra,1
Multi-Headed (2),Limited,Clockwork Hydra,1
Multi-Headed (2),Limited,Ordeal of Nylea,1
Multi-Headed (2),Limited,Hydra's Growth,1
Multi-Headed (2),Limited,Servant of the Scale,1
Multi-Headed (2),Limited,Kujar Seedsculptor,1
Multi-Headed (2),Limited,Ilysian Caryatid,1
Multi-Headed (2),Limited,Pridemalkin,1
Multi-Headed (2),Limited,Titanic Brawl,1
Multi-Headed (2),Limited,Hunter's Edge,1
Multi-Headed (2),Limited,Thriving Grove,1
Multi-Headed (2),Limited,Forest,7
Gigantic (1),Limited,"Runadi, Behemoth Caller",1
Gigantic (1),Limited,Thrashing Brontodon,1
Gigantic (1),Limited,Towering Gibbon,1
Gigantic (1),Limited,Woodborn Behemoth,1
Gigantic (1),Limited,Enlarge,1
Gigantic (1),Limited,Naga Vitalist,1
Gigantic (1),Limited,Ondu Giant,1
Gigantic (1),Limited,Colossal Dreadmaw,1
Gigantic (1),Limited,Havenwood Wurm,1
Gigantic (1),Limited,Pounce,1
Gigantic (1),Limited,Overgrowth,1
Gigantic (1),Limited,Gift of the Gargantuan,1
Gigantic (1),Limited,Thriving Grove,1
Gigantic (1),Limited,Forest,7
Gigantic (2),Limited,"Runadi, Behemoth Caller",1
Gigantic (2),Limited,Engulfing Slagwurm,1
Gigantic (2),Limited,Paradise Druid,1
Gigantic (2),Limited,Thrashing Brontodon,1
Gigantic (2),Limited,Towering Gibbon,1
Gigantic (2),Limited,Enlarge,1
Gigantic (2),Limited,Colossal Dreadmaw,1
Gigantic (2),Limited,Ondu Giant,1
Gigantic (2),Limited,Mammoth Spider,1
Gigantic (2),Limited,Prey Upon,1
Gigantic (2),Limited,Overgrowth,1
Gigantic (2),Limited,Gift of the Gargantuan,1
Gigantic (2),Limited,Thriving Grove,1
Gigantic (2),Limited,Forest,7
Landfall (1),Limited,Rampaging Baloths,1
Landfall (1),Limited,Courser of Kruphix,1
Landfall (1),Limited,Turntimber Basilisk,1
Landfall (1),Limited,Primeval Herald,1
Landfall (1),Limited,Zendikar's Roil,1
Landfall (1),Limited,Rampaging Growth,1
Landfall (1),Limited,Oashra Cultivator,1
Landfall (1),Limited,Snapping Gnarlid,1
Landfall (1),Limited,Adventuring Gear,1
Landfall (1),Limited,Canopy Baloth,1
Landfall (1),Limited,Khalni Heart Expedition,1
Landfall (1),Limited,Master's Rebuke,1
Landfall (1),Limited,Evolving Wilds,1
Landfall (1),Limited,Thriving Grove,1
Landfall (1),Limited,Forest,6
Landfall (2),Limited,Avenger of Zendikar,1
Landfall (2),Limited,Turntimber Basilisk,1
Landfall (2),Limited,Primeval Herald,1
Landfall (2),Limited,Baloth Woodcrasher,1
Landfall (2),Limited,Rampaging Growth,1
Landfall (2),Limited,Oashra Cultivator,1
Landfall (2),Limited,Snapping Gnarlid,1
Landfall (2),Limited,Fertilid,1
Landfall (2),Limited,Canopy Baloth,1
Landfall (2),Limited,Groundswell,1
Landfall (2),Limited,Khalni Heart Expedition,1
Landfall (2),Limited,Broken Bond,1
Landfall (2),Limited,Evolving Wilds,1
Landfall (2),Limited,Thriving Grove,1
Landfall (2),Limited,Forest,6
Elves (1),Limited,Elvish Warmaster,1
Elves (1),Limited,Dwynen's Elite,1
Elves (1),Limited,Reclamation Sage,1
Elves (1),Limited,Primeval Herald,1
Elves (1),Limited,Elven Bow,1
Elves (1),Limited,Reckless Amplimancer,1
Elves (1),Limited,Elvish Rejuvenator,1
Elves (1),Limited,Ivy Lane Denizen,1
Elves (1),Limited,Elderleaf Mentor,1
Elves (1),Limited,Might of the Masses,1
Elves (1),Limited,Roots of Wisdom,1
Elves (1),Limited,Band Together,1
Elves (1),Limited,Thriving Grove,1
Elves (1),Limited,Forest,7
Elves (2),Limited,Imperious Perfect,1
Elves (2),Limited,Dwynen's Elite,1
Elves (2),Limited,Ghirapur Guide,1
Elves (2),Limited,Primeval Herald,1
Elves (2),Limited,Elven Bow,1
Elves (2),Limited,Reckless Amplimancer,1
Elves (2),Limited,Elvish Rejuvenator,1
Elves (2),Limited,Ivy Lane Denizen,1
Elves (2),Limited,Elderleaf Mentor,1
Elves (2),Limited,Might of the Masses,1
Elves (2),Limited,Roots of Wisdom,1
Elves (2),Limited,Band Together,1
Elves (2),Limited,Thriving Grove,1
Elves (2),Limited,Forest,7
Elves (3),Limited,Wolverine Riders,1
Elves (3),Limited,Woodland Champion,1
Elves (3),Limited,Dwynen's Elite,1
Elves (3),Limited,Elven Bow,1
Elves (3),Limited,Instruments of War,1
Elves (3),Limited,Elvish Rejuvenator,1
Elves (3),Limited,Ivy Lane Denizen,1
Elves (3),Limited,Elderleaf Mentor,1
Elves (3),Limited,Lys Alana Huntmaster,1
Elves (3),Limited,Might of the Masses,1
Elves (3),Limited,Roots of Wisdom,1
Elves (3),Limited,Band Together,1
Elves (3),Limited,Thriving Grove,1
Elves (3),Limited,Forest,7
Elves (4),Limited,Wildborn Preserver,1
Elves (4),Limited,Woodland Champion,1
Elves (4),Limited,Dwynen's Elite,1
Elves (4),Limited,Elven Bow,1
Elves (4),Limited,Overcome,1
Elves (4),Limited,Elvish Rejuvenator,1
Elves (4),Limited,Dutiful Replicator,1
Elves (4),Limited,Ivy Lane Denizen,1
Elves (4),Limited,Elderleaf Mentor,1
Elves (4),Limited,Roots of Wisdom,1
Elves (4),Limited,Presence of Gond,1
Elves (4),Limited,Band Together,1
Elves (4),Limited,Thriving Grove,1
Elves (4),Limited,Forest,7
Wolves (1),Limited,Wicked Wolf,1
Wolves (1),Limited,Mild-Mannered Librarian,1
Wolves (1),Limited,Packsong Pup,1
Wolves (1),Limited,Wolfwillow Haven,1
Wolves (1),Limited,"Arlinn, Voice of the Pack",1
Wolves (1),Limited,Ferocious Pup,1
Wolves (1),Limited,Bounding Wolf,1
Wolves (1),Limited,Fierce Witchstalker,1
Wolves (1),Limited,Spectral Hunt-Caller,1
Wolves (1),Limited,Wolf's Quarry,1
Wolves (1),Limited,Prey Upon,1
Wolves (1),Limited,Wolfkin Bond,1
Wolves (1),Limited,Thriving Grove,1
Wolves (1),Limited,Forest,7
Wolves (2),Limited,Master of the Wild Hunt,1
Wolves (2),Limited,Mild-Mannered Librarian,1
Wolves (2),Limited,Howlgeist,1
Wolves (2),Limited,Moonlight Hunt,1
Wolves (2),Limited,"Arlinn, Voice of the Pack",1
Wolves (2),Limited,Young Wolf,1
Wolves (2),Limited,Pestilent Wolf,1
Wolves (2),Limited,Bounding Wolf,1
Wolves (2),Limited,Ferocious Pup,1
Wolves (2),Limited,Spectral Hunt-Caller,1
Wolves (2),Limited,Prey Upon,1
Wolves (2),Limited,Howl of the Hunt,1
Wolves (2),Limited,Thriving Grove,1
Wolves (2),Limited,Forest,7
Wolves (3),Limited,Kessig Cagebreakers,1
Wolves (3),Limited,Feed the Pack,1
Wolves (3),Limited,Mild-Mannered Librarian,1
Wolves (3),Limited,Predator's Howl,1
Wolves (3),Limited,Wolfwillow Haven,1
Wolves (3),Limited,"Arlinn, Voice of the Pack",1
Wolves (3),Limited,Sporeback Wolf,1
Wolves (3),Limited,Ferocious Pup,1
Wolves (3),Limited,Bounding Wolf,1
Wolves (3),Limited,Spectral Hunt-Caller,1
Wolves (3),Limited,Prey Upon,1
Wolves (3),Limited,Hunger of the Howlpack,1
Wolves (3),Limited,Thriving Grove,1
Wolves (3),Limited,Forest,7
Wolves (4),Limited,Nightpack Ambusher,1
Wolves (4),Limited,Mild-Mannered Librarian,1
Wolves (4),Limited,Briarpack Alpha,1
Wolves (4),Limited,Wolfwillow Haven,1
Wolves (4),Limited,"Arlinn, Voice of the Pack",1
Wolves (4),Limited,Pestilent Wolf,1
Wolves (4),Limited,Ferocious Pup,1
Wolves (4),Limited,Bounding Wolf,1
Wolves (4),Limited,Spectral Hunt-Caller,1
Wolves (4),Limited,Flourishing Hunter,1
Wolves (4),Limited,Prey Upon,1
Wolves (4),Limited,Howl of the Hunt,1
Wolves (4),Limited,Thriving Grove,1
Wolves (4),Limited,Forest,7
Ferocious (1),Limited,Rhonas the Indomitable,1
Ferocious (1),Limited,Challenger Troll,1
Ferocious (1),Limited,Roar of Challenge,1
Ferocious (1),Limited,Colossal Majesty,1
Ferocious (1),Limited,Rampaging Growth,1
Ferocious (1),Limited,Ilysian Caryatid,1
Ferocious (1),Limited,Drowsing Tyrannodon,1
Ferocious (1),Limited,Giant Ladybug,1
Ferocious (1),Limited,Gaea's Protector,1
Ferocious (1),Limited,Ornery Dilophosaur,1
Ferocious (1),Limited,Spectral Hunt-Caller,1
Ferocious (1),Limited,Savage Punch,1
Ferocious (1),Limited,Thriving Grove,1
Ferocious (1),Limited,Forest,7
Ferocious (2),Limited,"Goreclaw, Terror of Qal Sisma",1
Ferocious (2),Limited,Nessian Hornbeetle,1
Ferocious (2),Limited,Challenger Troll,1
Ferocious (2),Limited,Roar of Challenge,1
Ferocious (2),Limited,Colossal Majesty,1
Ferocious (2),Limited,Ilysian Caryatid,1
Ferocious (2),Limited,Drowsing Tyrannodon,1
Ferocious (2),Limited,Giant Ladybug,1
Ferocious (2),Limited,Gaea's Protector,1
Ferocious (2),Limited,Spectral Hunt-Caller,1
Ferocious (2),Limited,Rosethorn Halberd,1
Ferocious (2),Limited,Savage Punch,1
Ferocious (2),Limited,Thriving Grove,1
Ferocious (2),Limited,Forest,7
Ferocious (3),Limited,Prowling Serpopard,1
Ferocious (3),Limited,Challenger Troll,1
Ferocious (3),Limited,Hammer of Ruin,1
Ferocious (3),Limited,Roar of Challenge,1
Ferocious (3),Limited,Colossal Majesty,1
Ferocious (3),Limited,Ilysian Caryatid,1
Ferocious (3),Limited,Drowsing Tyrannodon,1
Ferocious (3),Limited,Giant Ladybug,1
Ferocious (3),Limited,Ornery Dilophosaur,1
Ferocious (3),Limited,Bristling Boar,1
Ferocious (3),Limited,Spectral Hunt-Caller,1
Ferocious (3),Limited,Savage Punch,1
Ferocious (3),Limited,Thriving Grove,1
Ferocious (3),Limited,Forest,7
Ferocious (4),Limited,Creeperhulk,1
Ferocious (4),Limited,Bonders' Enclave,1
Ferocious (4),Limited,Towering Gibbon,1
Ferocious (4),Limited,Challenger Troll,1
Ferocious (4),Limited,Roar of Challenge,1
Ferocious (4),Limited,Colossal Majesty,1
Ferocious (4),Limited,Ilysian Caryatid,1
Ferocious (4),Limited,Drowsing Tyrannodon,1
Ferocious (4),Limited,Frontier Mastodon,1
Ferocious (4),Limited,Giant Ladybug,1
Ferocious (4),Limited,Spectral Hunt-Caller,1
Ferocious (4),Limited,Savage Punch,1
Ferocious (4),Limited,Kitesail,1
Ferocious (4),Limited,Thriving Grove,1
Ferocious (4),Limited,Forest,6
Insects (1),Limited,Swarm Shambler,1
Insects (1),Limited,Nessian Hornbeetle,1
Insects (1),Limited,Nantuko Cultivator,1
Insects (1),Limited,Iridescent Hornbeetle,1
Insects (1),Limited,Crawling Sensation,1
Insects (1),Limited,Caustic Caterpillar,1
Insects (1),Limited,Ironshell Beetle,1
Insects (1),Limited,Duskshell Crawler,1
Insects (1),Limited,Giant Ladybug,1
Insects (1),Limited,Moldgraf Millipede,1
Insects (1),Limited,Relentless Pursuit,1
Insects (1),Limited,Hunter's Edge,1
Insects (1),Limited,Thriving Grove,1
Insects (1),Limited,Forest,7
Insects (2),Limited,"Zask, Skittering Swarmlord",1
Insects (2),Limited,Kraul Harpooner,1
Insects (2),Limited,Circuit Mender,1
Insects (2),Limited,Nantuko Cultivator,1
Insects (2),Limited,Crawling Sensation,1
Insects (2),Limited,Caustic Caterpillar,1
Insects (2),Limited,Ironshell Beetle,1
Insects (2),Limited,Giant Ladybug,1
Insects (2),Limited,Kraul Foragers,1
Insects (2),Limited,Moldgraf Millipede,1
Insects (2),Limited,Relentless Pursuit,1
Insects (2),Limited,Hunter's Edge,1
Insects (2),Limited,Thriving Grove,1
Insects (2),Limited,Forest,7
Insects (3),Limited,Deadbridge Goliath,1
Insects (3),Limited,Phantom Nantuko,1
Insects (3),Limited,Nessian Hornbeetle,1
Insects (3),Limited,Iridescent Hornbeetle,1
Insects (3),Limited,Nantuko Cultivator,1
Insects (3),Limited,Crawling Sensation,1
Insects (3),Limited,Caustic Caterpillar,1
Insects (3),Limited,Drudge Beetle,1
Insects (3),Limited,Ironshell Beetle,1
Insects (3),Limited,Giant Ladybug,1
Insects (3),Limited,Relentless Pursuit,1
Insects (3),Limited,Hunter's Edge,1
Insects (3),Limited,Thriving Grove,1
Insects (3),Limited,Forest,7
Insects (4),Limited,"Zask, Skittering Swarmlord",1
Insects (4),Limited,Nantuko Cultivator,1
Insects (4),Limited,Quarry Beetle,1
Insects (4),Limited,Crawling Sensation,1
Insects (4),Limited,Rampaging Growth,1
Insects (4),Limited,Caustic Caterpillar,1
Insects (4),Limited,Ironshell Beetle,1
Insects (4),Limited,Kraul Warrior,1
Insects (4),Limited,Giant Ladybug,1
Insects (4),Limited,Giant Caterpillar,1
Insects (4),Limited,Relentless Pursuit,1
Insects (4),Limited,Hunter's Edge,1
Insects (4),Limited,Thriving Grove,1
Insects (4),Limited,Forest,7
Urza's,Limited,Karn Liberated,1
Urza's,Limited,Walking Ballista,1
Urza's,Limited,Golem Artisan,1
Urza's,Limited,Meteor Golem,1
Urza's,Limited,Planar Atlas,1
Urza's,Limited,Urza's Factory,1
Urza's,Limited,Locthwain Gargoyle,1
Urza's,Limited,Runed Servitor,1
Urza's,Limited,Manakin,1
Urza's,Limited,Thaumaturge's Familiar,1
Urza's,Limited,Universal Solvent,1
Urza's,Limited,Alchemist's Vial,1
Urza's,Limited,Expedition Map,1
Urza's,Limited,Urza's Tower,3
Urza's,Limited,Urza's Power Plant,2
Urza's,Limited,Urza's Mine,2
