deck_name,card_name,card_count
Basri,Basri's Acolyte,1
Basri,Basri's Lieutenant,1
Basri,Concordia Pegasus,1
Basri,Knight of the Tusk,1
Basri,Siege Striker,1
Basri,Staunch Shieldmate,1
Basri,Tempered Veteran,1
Basri,Basri Ket,1
Basri,Feat of Resistance,1
Basri,Basri's Solidarity,1
Basri,Legion's Judgment,1
Basri,Faith's Fetters,1
Basri,Thriving Heath,1
Basri,Plains,7
Unicorns,Brightmare,1
Unicorns,Daybreak Charger,1
Unicorns,Emiel the Blessed,1
Unicorns,Inspiring Unicorn,1
Unicorns,Mesa Unicorn,1
Unicorns,Ronom Unicorn,1
Unicorns,Valorous Steed,1
Unicorns,Cloudshift,1
Unicorns,Inspired Charge,1
Unicorns,Valorous Stance,1
Unicorns,Blessed Sanctuary,1
Unicorns,Faith's Fetters,1
Unicorns,Thriving Heath,1
Unicorns,Plains,7
Angels 1,Angelic Page,1
Angels 1,Anointed Chorister,1
Angels 1,Celestial Enforcer,1
Angels 1,Baneslayer Angel,1
Angels 1,Emancipation Angel,1
Angels 1,Serra Angel,1
Angels 1,Voice of the Provinces,1
Angels 1,Angelic Ascension,1
Angels 1,Feat of Resistance,1
Angels 1,Angelic Edict,1
Angels 1,Guardian Idol,1
Angels 1,Scroll of Avacyn,1
Angels 1,Thriving Heath,1
Angels 1,Plains,7
Angels 2,Angelic Arbiter,1
Angels 2,Angelic Page,1
Angels 2,Anointed Chorister,1
Angels 2,Celestial Enforcer,1
Angels 2,Emancipation Angel,1
Angels 2,"Linvala, Keeper of Silence",1
Angels 2,Serra Angel,1
Angels 2,Angelic Ascension,1
Angels 2,Take Heart,1
Angels 2,Angelic Edict,1
Angels 2,Guardian Idol,1
Angels 2,Scroll of Avacyn,1
Angels 2,Thriving Heath,1
Angels 2,Plains,7
Dogs 1,Affa Guard Hound,1
Dogs 1,Alpine Watchdog,1
Dogs 1,Cathar's Companion,1
Dogs 1,Pack Leader,1
Dogs 1,Rambunctious Mutt,1
Dogs 1,Selfless Savior,1
Dogs 1,Supply Runners ,1
Dogs 1,Trusty Retriever,1
Dogs 1,Feat of Resistance,1
Dogs 1,Release the Dogs ,1
Dogs 1,Secure the Scene,1
Dogs 1,Pacifism,1
Dogs 1,Thriving Heath,1
Dogs 1,Plains,7
Dogs 2,Affa Guard Hound,1
Dogs 2,Alpine Watchdog,1
Dogs 2,Cathar's Companion,1
Dogs 2,"Isamaru, Hound of Konda",1
Dogs 2,Pack Leader,1
Dogs 2,Rambunctious Mutt,1
Dogs 2,Supply Runners ,1
Dogs 2,Trusty Retriever,1
Dogs 2,Dauntless Onslaught,1
Dogs 2,Release the Dogs ,1
Dogs 2,Secure the Scene,1
Dogs 2,Pacifism,1
Dogs 2,Thriving Heath,1
Dogs 2,Plains,7
Enchanted 1,Anointed Chorister,1
Enchanted 1,Blessed Spirits,1
Enchanted 1,Knight of the Tusk,1
Enchanted 1,Kor Spiritdancer,1
Enchanted 1,Stone Haven Pilgrim,1
Enchanted 1,Trusty Retriever,1
Enchanted 1,Dub,1
Enchanted 1,Face of Divinity,1
Enchanted 1,Faith's Fetters,1
Enchanted 1,Forced Worship,1
Enchanted 1,Indomitable Will,1
Enchanted 1,Knightly Valor,1
Enchanted 1,Thriving Heath,1
Enchanted 1,Plains,7
Enchanted 2,Ajani's Chosen,1
Enchanted 2,Blessed Spirits,1
Enchanted 2,Bulwark Giant,1
Enchanted 2,Staunch Shieldmate,1
Enchanted 2,Stone Haven Pilgrim,1
Enchanted 2,Trusty Retriever,1
Enchanted 2,Celestial Mantle,1
Enchanted 2,Face of Divinity,1
Enchanted 2,Faith's Fetters,1
Enchanted 2,Forced Worship,1
Enchanted 2,Indomitable Will,1
Enchanted 2,Knightly Valor,1
Enchanted 2,Thriving Heath,1
Enchanted 2,Plains,7
Doctor 1,Anointed Chorister,1
Doctor 1,Basri's Acolyte,1
Doctor 1,Brightmare,1
Doctor 1,Bulwark Giant,1
Doctor 1,Mesa Unicorn,1
Doctor 1,Speaker of the Heavens,1
Doctor 1,Revitalize,1
Doctor 1,Swift Response,1
Doctor 1,Take Heart,1
Doctor 1,Faith's Fetters,1
Doctor 1,Griffin Aerie,1
Doctor 1,Light of Promise,1
Doctor 1,Thriving Heath,1
Doctor 1,Plains,7
Doctor 2,Angel of Mercy,1
Doctor 2,Anointed Chorister,1
Doctor 2,Basri's Acolyte,1
Doctor 2,Brightmare,1
Doctor 2,Speaker of the Heavens,1
Doctor 2,Stone Haven Pilgrim,1
Doctor 2,Moment of Heroism,1
Doctor 2,Revitalize,1
Doctor 2,Swift Response,1
Doctor 2,Secure the Scene,1
Doctor 2,Griffin Aerie,1
Doctor 2,Light of Promise,1
Doctor 2,Thriving Heath,1
Doctor 2,Plains,7
Doctor 3,Angel of Mercy,1
Doctor 3,Anointed Chorister,1
Doctor 3,Basri's Acolyte,1
Doctor 3,Brightmare,1
Doctor 3,Mesa Unicorn,1
Doctor 3,Rhox Faithmender,1
Doctor 3,Moment of Heroism,1
Doctor 3,Revitalize,1
Doctor 3,Swift Response,1
Doctor 3,Faith's Fetters,1
Doctor 3,Griffin Aerie,1
Doctor 3,Light of Promise,1
Doctor 3,Thriving Heath,1
Doctor 3,Plains,7
Doctor 4,Alabaster Mage,1
Doctor 4,Angel of Mercy,1
Doctor 4,Anointed Chorister,1
Doctor 4,Basri's Acolyte,1
Doctor 4,Brightmare,1
Doctor 4,Bulwark Giant,1
Doctor 4,Stone Haven Pilgrim,1
Doctor 4,Revitalize,1
Doctor 4,Swift Response,1
Doctor 4,Cradle of Vitality,1
Doctor 4,Griffin Aerie,1
Doctor 4,Path of Bravery,1
Doctor 4,Thriving Heath,1
Doctor 4,Plains,7
Feathered Friends 1,Aven Gagglemaster,1
Feathered Friends 1,Celestial Enforcer,1
Feathered Friends 1,Concordia Pegasus,1
Feathered Friends 1,Falconer Adept,1
Feathered Friends 1,Gale Swooper,1
Feathered Friends 1,Healer's Hawk,1
Feathered Friends 1,Steel-Plume Marshal,1
Feathered Friends 1,Warded Battlements,1
Feathered Friends 1,Dauntless Onslaught,1
Feathered Friends 1,Moment of Heroism,1
Feathered Friends 1,Aerial Assault,1
Feathered Friends 1,Sky Tether,1
Feathered Friends 1,Thriving Heath,1
Feathered Friends 1,Plains,7
Feathered Friends 2,Aven Gagglemaster,1
Feathered Friends 2,Celestial Enforcer,1
Feathered Friends 2,Concordia Pegasus,1
Feathered Friends 2,Falconer Adept,1
Feathered Friends 2,Gale Swooper,1
Feathered Friends 2,Healer's Hawk,1
Feathered Friends 2,Steel-Plume Marshal,1
Feathered Friends 2,Warded Battlements,1
Feathered Friends 2,Angelic Ascension,1
Feathered Friends 2,Swift Response,1
Feathered Friends 2,Tandem Tactics,1
Feathered Friends 2,Sky Tether,1
Feathered Friends 2,Thriving Heath,1
Feathered Friends 2,Plains,7
Feathered Friends 3,Angel of the Dire Hour,1
Feathered Friends 3,Aven Gagglemaster,1
Feathered Friends 3,Celestial Enforcer,1
Feathered Friends 3,Concordia Pegasus,1
Feathered Friends 3,Falconer Adept,1
Feathered Friends 3,Gale Swooper,1
Feathered Friends 3,Healer's Hawk,1
Feathered Friends 3,Warded Battlements,1
Feathered Friends 3,Dauntless Onslaught,1
Feathered Friends 3,Swift Response,1
Feathered Friends 3,Take Heart,1
Feathered Friends 3,Sky Tether,1
Feathered Friends 3,Thriving Heath,1
Feathered Friends 3,Plains,7
Feathered Friends 4,Archon of Justice,1
Feathered Friends 4,Archon of Redemption,1
Feathered Friends 4,Celestial Enforcer,1
Feathered Friends 4,Concordia Pegasus,1
Feathered Friends 4,Falconer Adept,1
Feathered Friends 4,Gale Swooper,1
Feathered Friends 4,Healer's Hawk,1
Feathered Friends 4,Warded Battlements,1
Feathered Friends 4,Aegis of the Heavens,1
Feathered Friends 4,Dauntless Onslaught,1
Feathered Friends 4,Aerial Assault,1
Feathered Friends 4,Sky Tether,1
Feathered Friends 4,Thriving Heath,1
Feathered Friends 4,Plains,7
Heavily Armored 1,Basri's Acolyte ,1
Heavily Armored 1,Bulwark Giant ,1
Heavily Armored 1,Lightwalker ,1
Heavily Armored 1,Makeshift Battalion,1
Heavily Armored 1,Patron of the Valiant ,1
Heavily Armored 1,Siege Striker ,1
Heavily Armored 1,Tempered Veteran ,1
Heavily Armored 1,Trusty Retriever,1
Heavily Armored 1,Feat of Resistance,1
Heavily Armored 1,Basri's Solidarity ,1
Heavily Armored 1,Secure the Scene ,1
Heavily Armored 1,Cathars' Crusade,1
Heavily Armored 1,Thriving Heath,1
Heavily Armored 1,Plains,7
Heavily Armored 2,Basri's Acolyte ,1
Heavily Armored 2,Bulwark Giant ,1
Heavily Armored 2,Lightwalker ,1
Heavily Armored 2,Makeshift Battalion,1
Heavily Armored 2,Patron of the Valiant ,1
Heavily Armored 2,Siege Striker ,1
Heavily Armored 2,Tempered Veteran ,1
Heavily Armored 2,Trusty Retriever,1
Heavily Armored 2,Battlefield Promotion,1
Heavily Armored 2,Gird for Battle,1
Heavily Armored 2,Secure the Scene ,1
Heavily Armored 2,Cathars' Crusade,1
Heavily Armored 2,Thriving Heath,1
Heavily Armored 2,Plains,7
Heavily Armored 3,Basri's Acolyte ,1
Heavily Armored 3,Bulwark Giant,1
Heavily Armored 3,Lightwalker,1
Heavily Armored 3,Makeshift Battalion,1
Heavily Armored 3,"Mikaeus, the Lunarch ",1
Heavily Armored 3,Patron of the Valiant ,1
Heavily Armored 3,Supply Runners ,1
Heavily Armored 3,Tempered Veteran ,1
Heavily Armored 3,Trusty Retriever,1
Heavily Armored 3,Battlefield Promotion ,1
Heavily Armored 3,Divine Arrow,1
Heavily Armored 3,Basri's Solidarity ,1
Heavily Armored 3,Thriving Heath,1
Heavily Armored 3,Plains,7
Heavily Armored 4,Basri's Acolyte ,1
Heavily Armored 4,Bulwark Giant ,1
Heavily Armored 4,Lightwalker ,1
Heavily Armored 4,High Sentinels of Arashin ,1
Heavily Armored 4,Makeshift Battalion,1
Heavily Armored 4,Siege Striker ,1
Heavily Armored 4,Supply Runners,1
Heavily Armored 4,Tempered Veteran,1
Heavily Armored 4,Trusty Retriever ,1
Heavily Armored 4,Long Road Home,1
Heavily Armored 4,Swift Response ,1
Heavily Armored 4,Duelist's Heritage,1
Heavily Armored 4,Thriving Heath,1
Heavily Armored 4,Plains,7
Legion 1,Daybreak Charger,1
Legion 1,Falconer Adept,1
Legion 1,Knight of the Tusk,1
Legion 1,Makeshift Battalion,1
Legion 1,Selfless Savior,1
Legion 1,Valorous Steed,1
Legion 1,Inspired Charge,1
Legion 1,Path to Exile,1
Legion 1,Raise the Alarm,1
Legion 1,Basri's Solidarity,1
Legion 1,Legion's Judgment,1
Legion 1,Blessed Sanctuary,1
Legion 1,Thriving Heath,1
Legion 1,Plains,7
Legion 2,Daybreak Charger,1
Legion 2,Inspiring Captain,1
Legion 2,Makeshift Battalion,1
Legion 2,Siege Striker,1
Legion 2,Staunch Shieldmate,1
Legion 2,Valorous Steed,1
Legion 2,Raise the Alarm,1
Legion 2,Basri's Solidarity,1
Legion 2,Legion's Judgment,1
Legion 2,Release the Dogs,1
Legion 2,Glorious Anthem,1
Legion 2,Faith's Fetters,1
Legion 2,Thriving Heath,1
Legion 2,Plains,7
Legion 3,Daybreak Charger,1
Legion 3,Makeshift Battalion,1
Legion 3,Siege Striker,1
Legion 3,Staunch Shieldmate,1
Legion 3,Valorous Steed,1
Legion 3,Raise the Alarm,1
Legion 3,Fortify,1
Legion 3,Basri's Solidarity,1
Legion 3,Legion's Judgment,1
Legion 3,Release the Dogs,1
Legion 3,Glorious Anthem,1
Legion 3,Faith's Fetters,1
Legion 3,Thriving Heath,1
Legion 3,Plains,7
Legion 4,Daybreak Charger,1
Legion 4,"Lena, Selfless Champion",1
Legion 4,Makeshift Battalion,1
Legion 4,Mentor of the Meek,1
Legion 4,Selfless Savior,1
Legion 4,Siege Striker,1
Legion 4,Valorous Steed,1
Legion 4,Raise the Alarm,1
Legion 4,Fortify,1
Legion 4,Basri's Solidarity,1
Legion 4,Legion's Judgment,1
Legion 4,Faith's Fetters,1
Legion 4,Thriving Heath,1
Legion 4,Plains,7
Teferi,Prescient Chimera,1
Teferi,Sage's Row Savant,1
Teferi,Teferi's Protege,1
Teferi,Tolarian Kraken,1
Teferi,Vodalian Arcanist,1
Teferi,"Teferi, Master of Time",1
Teferi,Exclude,1
Teferi,Leave in the Dust,1
Teferi,Opt,1
Teferi,Talrand's Invocation,1
Teferi,Teferi's Ageless Insight,1
Teferi,Teferi's Tutelage,1
Teferi,Thriving Isle,1
Teferi,Island,7
Milling,Belltower Sphinx,1
Milling,Bruvac the Grandiloquent,1
Milling,Reckless Scholar,1
Milling,Selhoff Occultist,1
Milling,Towering-Wave Mystic,1
Milling,Vedalken Entrancer,1
Milling,Wall of Lost Thoughts,1
Milling,Sweep Away,1
Milling,Thought Collapse,1
Milling,Thought Scour,1
Milling,Capture Sphere,1
Milling,Teferi's Tutelage,1
Milling,Thriving Isle,1
Milling,Island,7
Pirates 1,Corsair Captain,1
Pirates 1,Departed Deckhand,1
Pirates 1,Kitesail Corsair,1
Pirates 1,Prosperous Pirates,1
Pirates 1,Rishadan Airship,1
Pirates 1,Sailor of Means,1
Pirates 1,Spectral Sailor,1
Pirates 1,Voyage's End,1
Pirates 1,Chart a Course,1
Pirates 1,Coastal Piracy,1
Pirates 1,Waterknot,1
Pirates 1,Pirate's Cutlass,1
Pirates 1,Thriving Isle,1
Pirates 1,Island,7
Pirates 2,Corsair Captain,1
Pirates 2,Departed Deckhand,1
Pirates 2,Kitesail Corsair,1
Pirates 2,Prosperous Pirates,1
Pirates 2,Rishadan Airship,1
Pirates 2,Sailor of Means,1
Pirates 2,Spectral Sailor,1
Pirates 2,Chart a Course,1
Pirates 2,Read the Tides,1
Pirates 2,Capture Sphere,1
Pirates 2,Curious Obsession,1
Pirates 2,Pirate's Cutlass,1
Pirates 2,Thriving Isle,1
Pirates 2,Island,7
Spirits 1,Battleground Geist,1
Spirits 1,Departed Deckhand,1
Spirits 1,Murmuring Phantasm,1
Spirits 1,Nebelgast Herald,1
Spirits 1,Roaming Ghostlight,1
Spirits 1,Shacklegeist,1
Spirits 1,Tome Anima,1
Spirits 1,Befuddle,1
Spirits 1,Essence Flux,1
Spirits 1,Frost Breath,1
Spirits 1,Winged Words,1
Spirits 1,Capture Sphere,1
Spirits 1,Thriving Isle,1
Spirits 1,Island,7
Spirits 2,Battleground Geist,1
Spirits 2,Departed Deckhand,1
Spirits 2,Nebelgast Herald,1
Spirits 2,Rattlechains,1
Spirits 2,Roaming Ghostlight,1
Spirits 2,Shacklegeist,1
Spirits 2,Tome Anima,1
Spirits 2,Frost Breath,1
Spirits 2,Rewind,1
Spirits 2,Rookie Mistake,1
Spirits 2,Winged Words,1
Spirits 2,Capture Sphere,1
Spirits 2,Thriving Isle,1
Spirits 2,Island,7
Under the Sea 1,Aegis Turtle,1
Under the Sea 1,Octoprophet,1
Under the Sea 1,Pursued Whale,1
Under the Sea 1,Sigiled Starfish,1
Under the Sea 1,Tolarian Kraken,1
Under the Sea 1,Waker of Waves,1
Under the Sea 1,Wishful Merfolk,1
Under the Sea 1,Voyage's End,1
Under the Sea 1,Rousing Read,1
Under the Sea 1,Waterknot,1
Under the Sea 1,Unstable Obelisk,1
Under the Sea 1,Thriving Isle,1
Under the Sea 1,Island,8
Under the Sea 2,Aegis Turtle,1
Under the Sea 2,Cryptic Serpent,1
Under the Sea 2,Octoprophet,1
Under the Sea 2,Pursued Whale,1
Under the Sea 2,Sigiled Starfish,1
Under the Sea 2,Waker of Waves,1
Under the Sea 2,Wishful Merfolk,1
Under the Sea 2,Sweep Away,1
Under the Sea 2,Whelming Wave,1
Under the Sea 2,Waterknot,1
Under the Sea 2,Unstable Obelisk,1
Under the Sea 2,Thriving Isle,1
Under the Sea 2,Island,8
Above the Clouds 1,"Inniaz, the Gale Force",1
Above the Clouds 1,Keen Glidemaster,1
Above the Clouds 1,Mistral Singer,1
Above the Clouds 1,Roaming Ghostlight,1
Above the Clouds 1,Tide Skimmer,1
Above the Clouds 1,Wall of Runes,1
Above the Clouds 1,Warden of Evos Isle,1
Above the Clouds 1,Lofty Denial,1
Above the Clouds 1,Rain of Revelation,1
Above the Clouds 1,Rookie Mistake,1
Above the Clouds 1,Unsubstantiate,1
Above the Clouds 1,Capture Sphere,1
Above the Clouds 1,Thriving Isle,1
Above the Clouds 1,Island,7
Above the Clouds 2,"Inniaz, the Gale Force",1
Above the Clouds 2,Keen Glidemaster,1
Above the Clouds 2,Mistral Singer,1
Above the Clouds 2,Roaming Ghostlight,1
Above the Clouds 2,Tide Skimmer,1
Above the Clouds 2,Wall of Runes,1
Above the Clouds 2,Frost Breath,1
Above the Clouds 2,Lofty Denial,1
Above the Clouds 2,Rain of Revelation,1
Above the Clouds 2,Unsubstantiate,1
Above the Clouds 2,Talrand's Invocation,1
Above the Clouds 2,Capture Sphere,1
Above the Clouds 2,Thriving Isle,1
Above the Clouds 2,Island,7
Above the Clouds 3,Keen Glidemaster,1
Above the Clouds 3,Roaming Ghostlight,1
Above the Clouds 3,Serendib Efreet,1
Above the Clouds 3,Tide Skimmer,1
Above the Clouds 3,Wall of Runes,1
Above the Clouds 3,Warden of Evos Isle,1
Above the Clouds 3,Windreader Sphinx,1
Above the Clouds 3,Frost Breath,1
Above the Clouds 3,Lofty Denial,1
Above the Clouds 3,Rain of Revelation,1
Above the Clouds 3,Unsubstantiate,1
Above the Clouds 3,Capture Sphere,1
Above the Clouds 3,Thriving Isle,1
Above the Clouds 3,Island,7
Above the Clouds 4,Keen Glidemaster,1
Above the Clouds 4,"Kira, Great Glass-Spinner",1
Above the Clouds 4,Mistral Singer,1
Above the Clouds 4,Roaming Ghostlight,1
Above the Clouds 4,Tide Skimmer,1
Above the Clouds 4,Wall of Runes,1
Above the Clouds 4,Windstorm Drake,1
Above the Clouds 4,Lofty Denial,1
Above the Clouds 4,Rain of Revelation,1
Above the Clouds 4,Rookie Mistake,1
Above the Clouds 4,Unsubstantiate,1
Above the Clouds 4,Capture Sphere,1
Above the Clouds 4,Thriving Isle,1
Above the Clouds 4,Island,7
Archaeology 1,Ancestral Statue,1
Archaeology 1,Archaeomender,2
Archaeology 1,Erratic Visionary,1
Archaeology 1,Juggernaut,1
Archaeology 1,Lightning-Core Excavator,1
Archaeology 1,Meteor Golem,1
Archaeology 1,Scholar of the Lost Trove,1
Archaeology 1,Thirst for Knowledge,1
Archaeology 1,Aether Spellbomb,1
Archaeology 1,Chromatic Sphere,1
Archaeology 1,Hedron Archive,1
Archaeology 1,Buried Ruin,1
Archaeology 1,Thriving Isle,1
Archaeology 1,Island,6
Archaeology 2,Ancestral Statue,1
Archaeology 2,Archaeomender,2
Archaeology 2,Erratic Visionary,1
Archaeology 2,Juggernaut,1
Archaeology 2,Lightning-Core Excavator,1
Archaeology 2,Meteor Golem,1
Archaeology 2,Scholar of the Lost Trove,1
Archaeology 2,Thirst for Knowledge,1
Archaeology 2,Aether Spellbomb,1
Archaeology 2,Dreamstone Hedron,1
Archaeology 2,Terrarion,1
Archaeology 2,Buried Ruin,1
Archaeology 2,Thriving Isle,1
Archaeology 2,Island,6
Archaeology 3,Ancestral Statue,1
Archaeology 3,Archaeomender,2
Archaeology 3,Juggernaut,1
Archaeology 3,Lightning-Core Excavator,1
Archaeology 3,Meteor Golem,1
Archaeology 3,Prismite,1
Archaeology 3,Sharding Sphinx,1
Archaeology 3,Vedalken Archmage,1
Archaeology 3,Thirst for Knowledge,1
Archaeology 3,Aether Spellbomb,1
Archaeology 3,Hedron Archive,1
Archaeology 3,Buried Ruin,1
Archaeology 3,Thriving Isle,1
Archaeology 3,Island,6
Archaeology 4,Archaeomender,2
Archaeology 4,Jousting Dummy,1
Archaeology 4,Juggernaut,1
Archaeology 4,Lightning-Core Excavator,1
Archaeology 4,Meteor Golem,1
Archaeology 4,Scarecrone,1
Archaeology 4,Scuttlemutt,1
Archaeology 4,Signpost Scarecrow,1
Archaeology 4,Thirst for Knowledge,1
Archaeology 4,Aether Spellbomb,1
Archaeology 4,Short Sword,1
Archaeology 4,Buried Ruin,1
Archaeology 4,Thriving Isle,1
Archaeology 4,Island,6
Well-Read 1,Erratic Visionary,1
Well-Read 1,Library Larcenist,1
Well-Read 1,Oneirophage,1
Well-Read 1,"Ormos, Archive Keeper",1
Well-Read 1,Runed Servitor,1
Well-Read 1,Suspicious Bookcase,1
Well-Read 1,Tolarian Kraken,1
Well-Read 1,Tome Anima,1
Well-Read 1,Opt,1
Well-Read 1,Curiosity,1
Well-Read 1,Narcolepsy,1
Well-Read 1,Rousing Read,1
Well-Read 1,Thriving Isle,1
Well-Read 1,Island,7
Well-Read 2,Erratic Visionary,1
Well-Read 2,Library Larcenist,1
Well-Read 2,Oneirophage,1
Well-Read 2,"Ormos, Archive Keeper",1
Well-Read 2,Runed Servitor,1
Well-Read 2,Tolarian Kraken,1
Well-Read 2,Tome Anima,1
Well-Read 2,Opt,1
Well-Read 2,Arcane Encyclopedia,1
Well-Read 2,Capture Sphere,1
Well-Read 2,Curiosity,1
Well-Read 2,Rousing Read,1
Well-Read 2,Thriving Isle,1
Well-Read 2,Island,7
Well-Read 3,Cloudreader Sphinx,1
Well-Read 3,Erratic Visionary,1
Well-Read 3,Library Larcenist,1
Well-Read 3,Oneirophage,1
Well-Read 3,Runed Servitor,1
Well-Read 3,Suspicious Bookcase,1
Well-Read 3,Tolarian Kraken,1
Well-Read 3,Tome Anima,1
Well-Read 3,Opt,1
Well-Read 3,Curiosity,1
Well-Read 3,Narcolepsy,1
Well-Read 3,Rhystic Study,1
Well-Read 3,Thriving Isle,1
Well-Read 3,Island,7
Well-Read 4,Cloudreader Sphinx,1
Well-Read 4,Library Larcenist,1
Well-Read 4,Mystic Archaeologist,1
Well-Read 4,Oneirophage,1
Well-Read 4,Runed Servitor,1
Well-Read 4,Suspicious Bookcase,1
Well-Read 4,Tolarian Kraken,1
Well-Read 4,Tome Anima,1
Well-Read 4,Opt,1
Well-Read 4,Read the Runes,1
Well-Read 4,Capture Sphere,1
Well-Read 4,Curiosity,1
Well-Read 4,Thriving Isle,1
Well-Read 4,Island,7
Wizards 1,Exclusion Mage ,1
Wizards 1,Sage's Row Savant ,1
Wizards 1,Shipwreck Dowser,1
Wizards 1,"Talrand, Sky Summoner",1
Wizards 1,Vodalian Arcanist,1
Wizards 1,Read the Tides,1
Wizards 1,Talrand's Invocation ,1
Wizards 1,Winged Words,1
Wizards 1,Befuddle ,1
Wizards 1,Frost Breath ,1
Wizards 1,Opt,1
Wizards 1,Wizard's Retort ,1
Wizards 1,Thriving Isle,1
Wizards 1,Island,7
Wizards 2,Crookclaw Transmuter,1
Wizards 2,Exclusion Mage  ,1
Wizards 2,Sage's Row Savant ,1
Wizards 2,Sea Gate Oracle ,1
Wizards 2,Shipwreck Dowser,1
Wizards 2,Vodalian Arcanist,1
Wizards 2,Read the Tides ,1
Wizards 2,Talrand's Invocation ,1
Wizards 2,Winged Words,1
Wizards 2,Opt,1
Wizards 2,Rookie Mistake,1
Wizards 2,Wizard's Retort ,1
Wizards 2,Thriving Isle ,1
Wizards 2,Riptide Laboratory ,1
Wizards 2,Island,6
Wizards 3,Sage's Row Savant ,1
Wizards 3,Shipwreck Dowser ,1
Wizards 3,"Talrand, Sky Summoner ",1
Wizards 3,Teferi's Protege ,1
Wizards 3,Vodalian Arcanist,1
Wizards 3,Read the Tides,1
Wizards 3,Talrand's Invocation ,1
Wizards 3,Winged Words,1
Wizards 3,Opt,1
Wizards 3,Unsubstantiate,1
Wizards 3,Wizard's Retort,1
Wizards 3,Capture Sphere,1
Wizards 3,Thriving Isle,1
Wizards 3,Island ,7
Wizards 4,"Barrin, Tolarian Archmage",1
Wizards 4,Sage's Row Savant  ,1
Wizards 4,Shipwreck Dowser ,1
Wizards 4,Storm Sculptor ,1
Wizards 4,Teferi's Protege ,1
Wizards 4,Vodalian Arcanist,1
Wizards 4,Read the Tides ,1
Wizards 4,Talrand's Invocation,1
Wizards 4,Frost Breath,1
Wizards 4,Peel from Reality ,1
Wizards 4,Rain of Revelation ,1
Wizards 4,Wizard's Retort ,1
Wizards 4,Thriving Isle,1
Wizards 4,Island ,7
Liliana,Blighted Bat,1
Liliana,Ghoulraiser,1
Liliana,Goremand,1
Liliana,Liliana's Devotee,1
Liliana,Liliana's Elite,1
Liliana,Liliana's Standard Bearer,1
Liliana,Liliana's Steward,1
Liliana,Wailing Ghoul,1
Liliana,"Liliana, Waker of the Dead",1
Liliana,Cemetery Recruitment,1
Liliana,Rise Again,1
Liliana,Settle the Score,1
Liliana,Thriving Moor,1
Liliana,Swamp,7
Phyrexian,Entomber Exarch,1
Phyrexian,Myr Sire,1
Phyrexian,Perilous Myr,1
Phyrexian,Phyrexian Broodlings,1
Phyrexian,Phyrexian Gargantua,1
Phyrexian,Phyrexian Debaser,1
Phyrexian,Phyrexian Rager,1
Phyrexian,"Sheoldred, Whispering One",1
Phyrexian,Douse in Gloom,1
Phyrexian,Parasitic Implant,1
Phyrexian,Phyrexian Reclamation,1
Phyrexian,Malefic Scythe,1
Phyrexian,Thriving Moor,1
Phyrexian,Swamp,7
Discarding 1,Burglar Rat,1
Discarding 1,Entomber Exarch,1
Discarding 1,Fell Specter,1
Discarding 1,Phyrexian Rager,1
Discarding 1,Ravenous Chupacabra,1
Discarding 1,Slate Street Ruffian,1
Discarding 1,"Tinybones, Trinket Thief",1
Discarding 1,Wight of Precinct Six,2
Discarding 1,Assassin's Strike ,1
Discarding 1,Mind Rot,1
Discarding 1,Death's Approach,1
Discarding 1,Thriving Moor,1
Discarding 1,Swamp,7
Discarding 2,Burglar Rat,1
Discarding 2,Entomber Exarch,1
Discarding 2,Fell Specter,1
Discarding 2,Liliana's Reaver,1
Discarding 2,Nyxathid,1
Discarding 2,Phyrexian Rager,1
Discarding 2,Ravenous Chupacabra,1
Discarding 2,Slate Street Ruffian,1
Discarding 2,Wight of Precinct Six,2
Discarding 2,Assassin's Strike ,1
Discarding 2,Death's Approach,1
Discarding 2,Thriving Moor,1
Discarding 2,Swamp,7
Rogues 1,"Gonti, Lord of Luxury",1
Rogues 1,Lawless Broker,1
Rogues 1,Masked Blackguard,1
Rogues 1,Mausoleum Turnkey,1
Rogues 1,Nightshade Stinger,1
Rogues 1,Nocturnal Feeder,1
Rogues 1,Oona's Blackguard,1
Rogues 1,Thieves' Guild Enforcer,1
Rogues 1,Alchemist's Gift,1
Rogues 1,Finishing Blow,1
Rogues 1,Stab Wound,1
Rogues 1,Rogue's Gloves,1
Rogues 1,Thriving Moor,1
Rogues 1,Swamp,7
Rogues 2,Corpse Hauler,1
Rogues 2,Corpse Traders,1
Rogues 2,Lawless Broker,1
Rogues 2,Masked Blackguard,1
Rogues 2,Nightshade Stinger,1
Rogues 2,Nocturnal Feeder,1
Rogues 2,Oona's Blackguard,1
Rogues 2,Thieves' Guild Enforcer,1
Rogues 2,Alchemist's Gift,1
Rogues 2,Last Gasp,1
Rogues 2,Stab Wound,1
Rogues 2,Rogue's Gloves,1
Rogues 2,Thriving Moor,1
Rogues 2,Swamp,7
Witchcraft 1,Bloodhunter Bat,1
Witchcraft 1,Bogbrew Witch,1
Witchcraft 1,Cauldron Familiar,1
Witchcraft 1,Festering Newt,2
Witchcraft 1,Malakir Familiar,1
Witchcraft 1,Tempting Witch,1
Witchcraft 1,Witch of the Moors,1
Witchcraft 1,Bake into a Pie,1
Witchcraft 1,Finishing Blow,1
Witchcraft 1,Bubbling Cauldron,1
Witchcraft 1,Witch's Cauldron,1
Witchcraft 1,Thriving Moor,1
Witchcraft 1,Swamp,7
Witchcraft 2,Black Cat,1
Witchcraft 2,Bloodhunter Bat,1
Witchcraft 2,Bogbrew Witch,1
Witchcraft 2,Festering Newt,2
Witchcraft 2,Swarm of Bloodflies,1
Witchcraft 2,Tempting Witch,1
Witchcraft 2,Witch of the Moors,1
Witchcraft 2,Bake into a Pie,1
Witchcraft 2,Last Gasp,1
Witchcraft 2,Blood Divination,1
Witchcraft 2,Bubbling Cauldron,1
Witchcraft 2,Thriving Moor,1
Witchcraft 2,Swamp,7
Minions 1,Bone Picker,1
Minions 1,Crypt Lurker,1
Minions 1,Dutiful Attendant,1
Minions 1,Ghoulcaller's Accomplice,1
Minions 1,Goremand,1
Minions 1,"Kels, Fight Fixer",1
Minions 1,Nocturnal Feeder,1
Minions 1,Shambling Goblin,1
Minions 1,Eliminate,1
Minions 1,Village Rites,1
Minions 1,Innocent Blood,1
Minions 1,Witch's Cauldron,1
Minions 1,Thriving Moor,1
Minions 1,Swamp,7
Minions 2,Crypt Lurker,1
Minions 2,Drainpipe Vermin,1
Minions 2,Dutiful Attendant,1
Minions 2,Eternal Taskmaster,1
Minions 2,Ghoulcaller's Accomplice,1
Minions 2,Goremand,1
Minions 2,"Kels, Fight Fixer",1
Minions 2,Nocturnal Feeder,1
Minions 2,Eliminate,1
Minions 2,Village Rites,1
Minions 2,Bone Splinters,1
Minions 2,Witch's Cauldron,1
Minions 2,Thriving Moor,1
Minions 2,Swamp,7
Minions 3,Crypt Lurker,1
Minions 3,Drainpipe Vermin,1
Minions 3,Dutiful Attendant,1
Minions 3,Fetid Imp,1
Minions 3,Ghoulcaller's Accomplice,1
Minions 3,Goremand,1
Minions 3,Liliana's Devotee,1
Minions 3,Nocturnal Feeder,1
Minions 3,Eliminate,1
Minions 3,Launch Party,1
Minions 3,Village Rites,1
Minions 3,Witch's Cauldron,1
Minions 3,Phyrexian Tower,1
Minions 3,Thriving Moor,1
Minions 3,Swamp,6
Minions 4,Dutiful Attendant,1
Minions 4,Fetid Imp,1
Minions 4,Ghoulcaller's Accomplice,1
Minions 4,Ghoulcaller Gisa,1
Minions 4,Goremand,1
Minions 4,Liliana's Devotee,1
Minions 4,Nocturnal Feeder,1
Minions 4,Shambling Goblin,1
Minions 4,Eliminate,1
Minions 4,Village Rites,1
Minions 4,Innocent Blood,1
Minions 4,Witch's Cauldron,1
Minions 4,Thriving Moor,1
Minions 4,Swamp,7
Reanimated 1,Archfiend's Vessel,1
Reanimated 1,Cadaver Imp,1
Reanimated 1,Crow of Dark Tidings,1
Reanimated 1,Crypt Lurker,1
Reanimated 1,Goremand,1
Reanimated 1,Miasmic Mummy,1
Reanimated 1,Mire Triton,1
Reanimated 1,Tithebearer Giant,1
Reanimated 1,Eliminate,1
Reanimated 1,Funeral Rites,1
Reanimated 1,Reanimate,1
Reanimated 1,Rise Again,1
Reanimated 1,Thriving Moor,1
Reanimated 1,Swamp,7
Reanimated 2,Carrion Grub,1
Reanimated 2,Crow of Dark Tidings,1
Reanimated 2,Crypt Lurker,1
Reanimated 2,Gloom Sower,1
Reanimated 2,Goremand,1
Reanimated 2,Miasmic Mummy,1
Reanimated 2,Mire Triton,1
Reanimated 2,Eliminate,1
Reanimated 2,Funeral Rites,1
Reanimated 2,Macabre Waltz,1
Reanimated 2,Reanimate,1
Reanimated 2,Rise Again,1
Reanimated 2,Thriving Moor,1
Reanimated 2,Swamp,7
Reanimated 3,Crow of Dark Tidings,1
Reanimated 3,Crypt Lurker,1
Reanimated 3,Goremand,1
Reanimated 3,Gravewaker,1
Reanimated 3,Miasmic Mummy,1
Reanimated 3,Mire Triton,1
Reanimated 3,Scourge of Nel Toth,1
Reanimated 3,Eliminate,1
Reanimated 3,Exhume,1
Reanimated 3,Funeral Rites,1
Reanimated 3,Rise Again,1
Reanimated 3,Zombie Infestation,1
Reanimated 3,Thriving Moor,1
Reanimated 3,Swamp,7
Reanimated 4,Carrion Grub,1
Reanimated 4,Crow of Dark Tidings,1
Reanimated 4,Crypt Lurker,1
Reanimated 4,Goremand,1
Reanimated 4,Gloom Sower,1
Reanimated 4,Miasmic Mummy,1
Reanimated 4,Mire Triton,1
Reanimated 4,Eliminate,1
Reanimated 4,Funeral Rites,1
Reanimated 4,Rise Again,1
Reanimated 4,Rise of the Dark Realms,1
Reanimated 4,Soul Salvage,1
Reanimated 4,Thriving Moor,1
Reanimated 4,Swamp,7
Spooky 1,Bone Picker,1
Spooky 1,Caged Zombie,1
Spooky 1,Crypt Lurker,1
Spooky 1,Dutiful Attendant,1
Spooky 1,Eternal Taskmaster,1
Spooky 1,Fetid Imp,1
Spooky 1,Gristle Grinner,1
Spooky 1,Liliana's Standard Bearer,1
Spooky 1,Finishing Blow,1
Spooky 1,Village Rites,1
Spooky 1,Barter in Blood,1
Spooky 1,Malefic Scythe,1
Spooky 1,Thriving Moor,1
Spooky 1,Swamp,7
Spooky 2,Bone Picker,1
Spooky 2,Caged Zombie,1
Spooky 2,Crypt Lurker,1
Spooky 2,Dutiful Attendant,1
Spooky 2,Eternal Taskmaster,1
Spooky 2,Gristle Grinner,1
Spooky 2,Harvester of Souls,1
Spooky 2,Sanitarium Skeleton,1
Spooky 2,Finishing Blow,1
Spooky 2,Barter in Blood,1
Spooky 2,Bone Splinters,1
Spooky 2,Malefic Scythe,1
Spooky 2,Thriving Moor,1
Spooky 2,Swamp,7
Spooky 3,Bone Picker,1
Spooky 3,Caged Zombie,1
Spooky 3,Crypt Lurker,1
Spooky 3,Dutiful Attendant,1
Spooky 3,Eternal Taskmaster,1
Spooky 3,Fetid Imp,1
Spooky 3,Gristle Grinner ,1
Spooky 3,Liliana's Devotee,1
Spooky 3,Ogre Slumlord,1
Spooky 3,Finishing Blow,1
Spooky 3,Languish,1
Spooky 3,Malefic Scythe,1
Spooky 3,Thriving Moor,1
Spooky 3,Swamp,7
Spooky 4,Bone Picker,1
Spooky 4,Caged Zombie ,1
Spooky 4,Crypt Lurker,1
Spooky 4,Dutiful Attendant,1
Spooky 4,Eternal Taskmaster,1
Spooky 4,Gristle Grinner,1
Spooky 4,Liliana's Devotee,1
Spooky 4,Plagued Rusalka,1
Spooky 4,Sanitarium Skeleton,1
Spooky 4,Finishing Blow,1
Spooky 4,Malefic Scythe,1
Spooky 4,Black Market,1
Spooky 4,Thriving Moor,1
Spooky 4,Swamp,7
Vampires 1,Blood Artist,1
Vampires 1,Bloodbond Vampire,1
Vampires 1,Gifted Aetherborn,1
Vampires 1,Gloom Sower,1
Vampires 1,Kalastria Nightwatch,1
Vampires 1,Nocturnal Feeder,1
Vampires 1,Silversmote Ghoul,1
Vampires 1,"Vito, Thorn of the Dusk Rose",1
Vampires 1,Agonizing Syphon,1
Vampires 1,Sanguine Indulgence,1
Vampires 1,Last Gasp,1
Vampires 1,Eternal Thirst,1
Vampires 1,Thriving Moor,1
Vampires 1,Swamp,7
Vampires 2,Blood Host,1
Vampires 2,Bloodbond Vampire,1
Vampires 2,Child of Night,1
Vampires 2,Gifted Aetherborn,1
Vampires 2,Gloom Sower,1
Vampires 2,Nocturnal Feeder,1
Vampires 2,Silversmote Ghoul,1
Vampires 2,"Vito, Thorn of the Dusk Rose",1
Vampires 2,Agonizing Syphon,1
Vampires 2,Sanguine Indulgence,1
Vampires 2,Last Gasp,1
Vampires 2,Eternal Thirst,1
Vampires 2,Thriving Moor,1
Vampires 2,Swamp,7
Vampires 3,Bloodbond Vampire,1
Vampires 3,Gifted Aetherborn,1
Vampires 3,Gloom Sower,1
Vampires 3,Nocturnal Feeder,1
Vampires 3,Sangromancer,1
Vampires 3,Sengir Vampire,1
Vampires 3,Silversmote Ghoul,1
Vampires 3,Vampire Neonate,1
Vampires 3,Agonizing Syphon,1
Vampires 3,Sanguine Indulgence,1
Vampires 3,Last Gasp,1
Vampires 3,Exquisite Blood,1
Vampires 3,Thriving Moor,1
Vampires 3,Swamp,7
Vampires 4,Bloodbond Vampire,1
Vampires 4,Child of Night,1
Vampires 4,"Drana, Liberator of Malakir",1
Vampires 4,Falkenrath Noble,1
Vampires 4,Gifted Aetherborn,1
Vampires 4,Gloom Sower,1
Vampires 4,Nocturnal Feeder,1
Vampires 4,Silversmote Ghoul,1
Vampires 4,Agonizing Syphon,1
Vampires 4,Sanguine Indulgence,1
Vampires 4,Last Gasp,1
Vampires 4,Mark of the Vampire,1
Vampires 4,Thriving Moor,1
Vampires 4,Swamp,7
Chandra,Chandra's Incinerator,1
Chandra,Chandra's Magmutt,2
Chandra,Chandra's Pyreling,1
Chandra,Fanatical Firebrand,1
Chandra,Pyroclastic Elemental,1
Chandra,Young Pyromancer,1
Chandra,"Chandra, Heart of Fire",1
Chandra,Hungry Flames,1
Chandra,Thrill of Possibility,1
Chandra,Flames of the Firebrand,1
Chandra,Pillar of Flame,1
Chandra,Thriving Bluff,1
Chandra,Mountain,7
Seismic,Ashmouth Hound,1
Seismic,Bloodrock Cyclops,1
Seismic,Cinder Elemental,1
Seismic,Grim Lavamancer,1
Seismic,Molten Ravager,1
Seismic,Seismic Elemental,1
Seismic,Magma Jet,1
Seismic,Magmaquake,1
Seismic,Volcanic Fallout,1
Seismic,Volcanic Geyser,1
Seismic,Spitting Earth,1
Seismic,Mana Geode,1
Seismic,Thriving Bluff,1
Seismic,Mountain,7
Dragons 1,Dragonloft Idol,1
Dragons 1,Dragonspeaker Shaman,1
Dragons 1,Dragon Hatchling,1
Dragons 1,Hellkite Punisher,1
Dragons 1,Lightning Shrieker,1
Dragons 1,Rapacious Dragon,1
Dragons 1,Terror of the Peaks,1
Dragons 1,Draconic Roar,1
Dragons 1,Thrill of Possibility,1
Dragons 1,Bathe in Dragonfire,1
Dragons 1,Dragon Fodder,1
Dragons 1,Thriving Bluff,1
Dragons 1,Mountain,8
Dragons 2,Dragonlord's Servant,1
Dragons 2,Dragon Hatchling,1
Dragons 2,Furnace Whelp,1
Dragons 2,"Gadrak, the Crown-Scourge",1
Dragons 2,Hellkite Punisher,1
Dragons 2,"Lathliss, Dragon Queen",1
Dragons 2,Lightning Shrieker,1
Dragons 2,Rapacious Dragon,1
Dragons 2,Draconic Roar,1
Dragons 2,Sarkhan's Rage,1
Dragons 2,Dragon Fodder,1
Dragons 2,Thriving Bluff,1
Dragons 2,Mountain,8
Lightning 1,Lightning Elemental ,1
Lightning 1,Lightning Phoenix ,1
Lightning 1,Lightning Shrieker,1
Lightning 1,Lightning Visionary ,2
Lightning 1,Lightning-Core Excavator ,1
Lightning 1,Living Lightning ,1
Lightning 1,Weaver of Lightning ,1
Lightning 1,Homing Lightning ,1
Lightning 1,Lightning Axe ,1
Lightning 1,Lightning Bolt,1
Lightning 1,Lightning Diadem,1
Lightning 1,Thriving Bluff,1
Lightning 1,Mountain,7
Lightning 2,Ball Lightning ,1
Lightning 2,Lightning Elemental,1
Lightning 2,Lightning Phoenix ,1
Lightning 2,Lightning Visionary ,2
Lightning 2,Lightning-Core Excavator ,1
Lightning 2,Living Lightning ,1
Lightning 2,Weaver of Lightning ,1
Lightning 2,Chain Lightning,1
Lightning 2,Lightning Axe,1
Lightning 2,Riddle of Lightning,1
Lightning 2,Lightning Diadem,1
Lightning 2,Thriving Bluff,1
Lightning 2,Mountain,7
Minotaurs 1,Bloodrage Brawler,1
Minotaurs 1,Borderland Minotaur,1
Minotaurs 1,Lightning Visionary,1
Minotaurs 1,Minotaur Skullcleaver,1
Minotaurs 1,Minotaur Sureshot,1
Minotaurs 1,"Sethron, Hurloon General",1
Minotaurs 1,Warfire Javelineer,1
Minotaurs 1,Soul Sear,1
Minotaurs 1,Sure Strike,1
Minotaurs 1,Flurry of Horns,1
Minotaurs 1,Mugging,1
Minotaurs 1,Herald's Horn,1
Minotaurs 1,Thriving Bluff,1
Minotaurs 1,Mountain,7
Minotaurs 2,Bloodrage Brawler,1
Minotaurs 2,Borderland Minotaur,1
Minotaurs 2,Lightning Visionary,1
Minotaurs 2,Minotaur Skullcleaver,1
Minotaurs 2,Minotaur Sureshot,1
Minotaurs 2,Rageblood Shaman,1
Minotaurs 2,"Sethron, Hurloon General",1
Minotaurs 2,Soul Sear,1
Minotaurs 2,Sure Strike,1
Minotaurs 2,Unleash Fury,1
Minotaurs 2,Flurry of Horns,1
Minotaurs 2,Traitorous Greed,1
Minotaurs 2,Thriving Bluff,1
Minotaurs 2,Mountain,7
Devilish 1,Chained Brute,1
Devilish 1,Forge Devil,1
Devilish 1,Havoc Jester,1
Devilish 1,Hobblefiend,1
Devilish 1,Pitchburn Devils,1
Devilish 1,Spiteful Prankster,1
Devilish 1,Torch Fiend,1
Devilish 1,"Zurzoth, Chaos Rider",1
Devilish 1,Collateral Damage,1
Devilish 1,Dance with Devils,1
Devilish 1,Heartfire,1
Devilish 1,Traitorous Greed,1
Devilish 1,Thriving Bluff,1
Devilish 1,Mountain,7
Devilish 2,Chained Brute,1
Devilish 2,Havoc Jester,1
Devilish 2,Hobblefiend,1
Devilish 2,Pitchburn Devils,1
Devilish 2,Spiteful Prankster,1
Devilish 2,Tibalt's Rager,1
Devilish 2,Torch Fiend,2
Devilish 2,"Zurzoth, Chaos Rider",1
Devilish 2,Collateral Damage,1
Devilish 2,Heartfire,1
Devilish 2,Traitorous Greed,1
Devilish 2,Thriving Bluff,1
Devilish 2,Mountain,7
Devilish 3,Brash Taunter,1
Devilish 3,Chained Brute,1
Devilish 3,Havoc Jester,1
Devilish 3,Hobblefiend,1
Devilish 3,Lightning-Core Excavator,1
Devilish 3,Pitchburn Devils,1
Devilish 3,Spiteful Prankster,1
Devilish 3,Torch Fiend,1
Devilish 3,Collateral Damage,1
Devilish 3,Dance with Devils,1
Devilish 3,Act of Treason,1
Devilish 3,Traitorous Greed,1
Devilish 3,Thriving Bluff,1
Devilish 3,Mountain,7
Devilish 4,Chained Brute,1
Devilish 4,Havoc Jester,1
Devilish 4,Hellrider,1
Devilish 4,Hobblefiend,1
Devilish 4,Lightning-Core Excavator,1
Devilish 4,Pitchburn Devils,1
Devilish 4,Sin Prodder,1
Devilish 4,Spiteful Prankster,1
Devilish 4,Collateral Damage,1
Devilish 4,Act of Treason,1
Devilish 4,Traitorous Greed,1
Devilish 4,Barrage of Expendables,1
Devilish 4,Thriving Bluff,1
Devilish 4,Mountain,7
Goblins 1,Beetleback Chief,1
Goblins 1,Boggart Brute,1
Goblins 1,Goblin Arsonist,1
Goblins 1,Goblin Commando,1
Goblins 1,Goblin Instigator,1
Goblins 1,Goblin Shortcutter,1
Goblins 1,"Muxus, Goblin Grandee",1
Goblins 1,Ornery Goblin,1
Goblins 1,Volley Veteran,1
Goblins 1,Outnumber,1
Goblins 1,Shock,1
Goblins 1,Makeshift Munitions,1
Goblins 1,Thriving Bluff,1
Goblins 1,Mountain,7
Goblins 2,Battle-Rattle Shaman,1
Goblins 2,Beetleback Chief,1
Goblins 2,Boggart Brute,1
Goblins 2,Goblin Arsonist,1
Goblins 2,Goblin Commando,1
Goblins 2,Goblin Instigator,1
Goblins 2,Goblin Shortcutter,1
Goblins 2,"Muxus, Goblin Grandee",1
Goblins 2,Ornery Goblin,1
Goblins 2,Burn Bright,1
Goblins 2,Outnumber,1
Goblins 2,Makeshift Munitions,1
Goblins 2,Thriving Bluff,1
Goblins 2,Mountain,7
Goblins 3,Beetleback Chief,1
Goblins 3,Boggart Brute,1
Goblins 3,Goblin Arsonist,1
Goblins 3,Goblin Chieftain,1
Goblins 3,Goblin Commando,1
Goblins 3,Goblin Goon,1
Goblins 3,Goblin Instigator,1
Goblins 3,Goblin Shortcutter,1
Goblins 3,Ornery Goblin,1
Goblins 3,Volley Veteran,1
Goblins 3,Shock,1
Goblins 3,Makeshift Munitions,1
Goblins 3,Thriving Bluff,1
Goblins 3,Mountain,7
Goblins 4,Boggart Brute,1
Goblins 4,Goblin Arsonist,1
Goblins 4,Goblin Commando,1
Goblins 4,Goblin Instigator,1
Goblins 4,Goblin Shortcutter,1
Goblins 4,"Krenko, Mob Boss",1
Goblins 4,Ornery Goblin,1
Goblins 4,Burn Bright,1
Goblins 4,Outnumber,1
Goblins 4,Goblin Lore,1
Goblins 4,Goblin Rally,1
Goblins 4,Makeshift Munitions,1
Goblins 4,Thriving Bluff,1
Goblins 4,Mountain,7
Smashing 1,Bloodrage Brawler,1
Smashing 1,Bone Pit Brute,1
Smashing 1,Borderland Marauder,1
Smashing 1,Flametongue Kavu,1
Smashing 1,Heartfire Immolator,1
Smashing 1,Onakke Ogre,1
Smashing 1,Turret Ogre,1
Smashing 1,Fling,1
Smashing 1,Shock,1
Smashing 1,Unleash Fury,1
Smashing 1,Volcanic Salvo,1
Smashing 1,Furious Rise,1
Smashing 1,Thriving Bluff,1
Smashing 1,Mountain,7
Smashing 2,Bloodrage Brawler,1
Smashing 2,Bone Pit Brute,1
Smashing 2,Borderland Marauder,1
Smashing 2,Heartfire Immolator,1
Smashing 2,Onakke Ogre,1
Smashing 2,Turret Ogre,1
Smashing 2,Flames of the Raze-Boar,1
Smashing 2,Fling,1
Smashing 2,Hungry Flames,1
Smashing 2,Volcanic Salvo,1
Smashing 2,Furious Rise,1
Smashing 2,Short Sword,1
Smashing 2,Thriving Bluff,1
Smashing 2,Mountain,7
Smashing 3,Bloodrage Brawler,1
Smashing 3,Bone Pit Brute,1
Smashing 3,Borderland Marauder,1
Smashing 3,Hamletback Goliath,1
Smashing 3,Heartfire Immolator,1
Smashing 3,Inferno Hellion,1
Smashing 3,Onakke Ogre,1
Smashing 3,Turret Ogre,1
Smashing 3,Fling,1
Smashing 3,Unleash Fury,1
Smashing 3,Furious Rise,1
Smashing 3,Sarkhan's Unsealing,1
Smashing 3,Thriving Bluff,1
Smashing 3,Mountain,7
Smashing 4,Bloodrage Brawler,1
Smashing 4,Bloodshot Trainee,1
Smashing 4,Bone Pit Brute,1
Smashing 4,Borderland Marauder,1
Smashing 4,"Etali, Primal Storm",1
Smashing 4,Heartfire Immolator,1
Smashing 4,Onakke Ogre,1
Smashing 4,Turret Ogre,1
Smashing 4,Fling,1
Smashing 4,Hungry Flames,1
Smashing 4,Furious Rise,1
Smashing 4,Furor of the Bitten,1
Smashing 4,Thriving Bluff,1
Smashing 4,Mountain,7
Spellcasting 1,Chandra's Pyreling,1
Spellcasting 1,Heartfire Immolator,1
Spellcasting 1,Kinetic Augur,1
Spellcasting 1,Lightning Visionary,1
Spellcasting 1,Living Lightning,1
Spellcasting 1,Thermo-Alchemist ,1
Spellcasting 1,Blindblast,1
Spellcasting 1,Hungry Flames,1
Spellcasting 1,Shock,1
Spellcasting 1,Thrill of Possibility,1
Spellcasting 1,Goblin Wizardry,1
Spellcasting 1,Double Vision,1
Spellcasting 1,Thriving Bluff,1
Spellcasting 1,Mountain,7
Spellcasting 2,Chandra's Pyreling,1
Spellcasting 2,Heartfire Immolator,1
Spellcasting 2,Kiln Fiend,1
Spellcasting 2,Kinetic Augur,1
Spellcasting 2,Lightning Visionary,1
Spellcasting 2,Thermo-Alchemist,1
Spellcasting 2,Young Pyromancer,1
Spellcasting 2,Flame Lash,1
Spellcasting 2,Hungry Flames,1
Spellcasting 2,Shock,1
Spellcasting 2,Thrill of Possibility ,1
Spellcasting 2,Double Vision,1
Spellcasting 2,Thriving Bluff,1
Spellcasting 2,Mountain,7
Spellcasting 3,Chandra's Pyreling,1
Spellcasting 3,Charmbreaker Devils,1
Spellcasting 3,Dualcaster Mage,1
Spellcasting 3,Heartfire Immolator,1
Spellcasting 3,Kinetic Augur,1
Spellcasting 3,Lightning Visionary,1
Spellcasting 3,Living Lightning,1
Spellcasting 3,Thermo-Alchemist,1
Spellcasting 3,Hungry Flames,1
Spellcasting 3,Shock,1
Spellcasting 3,Thrill of Possibility ,1
Spellcasting 3,Dragon Fodder,1
Spellcasting 3,Thriving Bluff,1
Spellcasting 3,Mountain,7
Spellcasting 4,Chandra's Pyreling,1
Spellcasting 4,Heartfire Immolator,1
Spellcasting 4,Kiln Fiend,1
Spellcasting 4,Kinetic Augur,1
Spellcasting 4,Lightning Visionary,1
Spellcasting 4,Thermo-Alchemist,1
Spellcasting 4,Hungry Flames,1
Spellcasting 4,Shock,1
Spellcasting 4,Thrill of Possibility ,1
Spellcasting 4,Crash Through,1
Spellcasting 4,Doublecast,1
Spellcasting 4,Immolating Gyre,1
Spellcasting 4,Thriving Bluff,1
Spellcasting 4,Mountain,7
Garruk,Affectionate Indrik,1
Garruk,Brushstrider,1
Garruk,Drowsing Tyrannodon,1
Garruk,Garruk's Gorehorn,1
Garruk,Garruk's Harbinger,1
Garruk,Orazca Frillback,1
Garruk,Rumbling Baloth,1
Garruk,"Garruk, Unleashed",1
Garruk,Hunter's Insight,1
Garruk,Ranger's Guile,1
Garruk,Hunter's Edge,1
Garruk,Garruk's Uprising,1
Garruk,Thriving Grove,1
Garruk,Forest,7
Walls,Carven Caryatid,1
Walls,Gargoyle Sentinel,1
Walls,Grave Bramble,1
Walls,Overgrown Battlement,1
Walls,Portcullis Vine,1
Walls,Roving Keep,1
Walls,Towering Titan,1
Walls,Wall of Blossoms,1
Walls,Wall of Vines,1
Walls,Crushing Canopy,1
Walls,Warmonger's Chariot,1
Walls,Assault Formation,1
Walls,Thriving Grove,1
Walls,Forest,7
Cats 1,Canopy Stalker,1
Cats 1,Feline Sovereign,1
Cats 1,Feral Prowler,1
Cats 1,Initiate's Companion,1
Cats 1,Keeper of Fables,1
Cats 1,Pouncing Cheetah,1
Cats 1,Pridemalkin,1
Cats 1,Sabertooth Mauler,1
Cats 1,Crushing Canopy,1
Cats 1,Enlarge,1
Cats 1,Nature's Way,1
Cats 1,Feral Invocation,1
Cats 1,Thriving Grove,1
Cats 1,Forest,7
Cats 2,Canopy Stalker,1
Cats 2,Feline Sovereign,1
Cats 2,Feral Prowler,1
Cats 2,Initiate's Companion,1
Cats 2,Keeper of Fables,1
Cats 2,Penumbra Bobcat,1
Cats 2,Pridemalkin,1
Cats 2,Crushing Canopy,1
Cats 2,Enlarge,1
Cats 2,Nature's Way,1
Cats 2,Feral Invocation,1
Cats 2,Lurking Predators,1
Cats 2,Thriving Grove,1
Cats 2,Forest,7
Elves 1,Craterhoof Behemoth,1
Elves 1,Elvish Archdruid,1
Elves 1,Dwynen's Elite,1
Elves 1,Ghirapur Guide,1
Elves 1,Llanowar Visionary,1
Elves 1,Silhana Wayfinder,1
Elves 1,Skyway Sniper,1
Elves 1,Wildheart Invoker,1
Elves 1,Crushing Canopy,1
Elves 1,Titanic Growth ,1
Elves 1,Hunter's Edge,1
Elves 1,Presence of Gond,1
Elves 1,Thriving Grove,1
Elves 1,Forest,7
Elves 2,Allosaurus Shepherd,1
Elves 2,Dwynen's Elite,1
Elves 2,Leaf Gilder,1
Elves 2,Llanowar Visionary,1
Elves 2,Silhana Wayfinder,1
Elves 2,Skyway Sniper,1
Elves 2,Wildheart Invoker,1
Elves 2,Wren's Run Vanquisher,1
Elves 2,Crushing Canopy,1
Elves 2,Titanic Growth ,1
Elves 2,Hunter's Edge,1
Elves 2,Presence of Gond,1
Elves 2,Thriving Grove,1
Elves 2,Forest,7
Lands 1,Awakener Druid,1
Lands 1,Fa'adiyah Seer,1
Lands 1,Feral Hydra,1
Lands 1,Fertilid,1
Lands 1,Sylvan Ranger,1
Lands 1,Ulvenwald Hydra,1
Lands 1,Wildheart Invoker,1
Lands 1,Crushing Canopy,1
Lands 1,Elemental Uprising,1
Lands 1,Cultivate,1
Lands 1,Vastwood Zendikon,1
Lands 1,Zendikar's Roil,1
Lands 1,Thriving Grove,1
Lands 1,Forest,7
Lands 2,Awakener Druid,1
Lands 2,Fa'adiyah Seer,1
Lands 2,Feral Hydra,1
Lands 2,Fertilid,1
Lands 2,Oracle of Mul Daya,1
Lands 2,Sporemound,1
Lands 2,Sylvan Ranger,1
Lands 2,Wildheart Invoker,1
Lands 2,Woodborn Behemoth,1
Lands 2,Crushing Canopy,1
Lands 2,Elemental Uprising,1
Lands 2,Cultivate,1
Lands 2,Thriving Grove,1
Lands 2,Forest,7
Dinosaurs 1,Colossal Dreadmaw,1
Dinosaurs 1,Drover of the Mighty,1
Dinosaurs 1,Drowsing Tyrannodon,1
Dinosaurs 1,"Ghalta, Primal Hunger",1
Dinosaurs 1,Orazca Frillback,1
Dinosaurs 1,Ornery Dilophosaur,1
Dinosaurs 1,Thrashing Brontodon,1
Dinosaurs 1,Crushing Canopy,1
Dinosaurs 1,Commune with Dinosaurs,1
Dinosaurs 1,Cultivate,1
Dinosaurs 1,Savage Stomp,1
Dinosaurs 1,Setessan Training,1
Dinosaurs 1,Thriving Grove,1
Dinosaurs 1,Forest,7
Dinosaurs 2,Colossal Dreadmaw,1
Dinosaurs 2,Drover of the Mighty,1
Dinosaurs 2,Drowsing Tyrannodon,1
Dinosaurs 2,Orazca Frillback,1
Dinosaurs 2,Ornery Dilophosaur,1
Dinosaurs 2,"Selvala, Heart of the Wilds",1
Dinosaurs 2,Thundering Spineback,1
Dinosaurs 2,Crushing Canopy,1
Dinosaurs 2,Commune with Dinosaurs,1
Dinosaurs 2,Savage Stomp,1
Dinosaurs 2,Garruk's Uprising,1
Dinosaurs 2,New Horizons,1
Dinosaurs 2,Thriving Grove,1
Dinosaurs 2,Forest,7
Dinosaurs 3,Colossal Dreadmaw,1
Dinosaurs 3,Drover of the Mighty,1
Dinosaurs 3,Drowsing Tyrannodon,1
Dinosaurs 3,"Ghalta, Primal Hunger",1
Dinosaurs 3,Orazca Frillback,1
Dinosaurs 3,Ornery Dilophosaur,1
Dinosaurs 3,Thundering Spineback,1
Dinosaurs 3,Crushing Canopy,1
Dinosaurs 3,Titanic Growth,1
Dinosaurs 3,Commune with Dinosaurs,1
Dinosaurs 3,Cultivate,1
Dinosaurs 3,Savage Stomp,1
Dinosaurs 3,Thriving Grove,1
Dinosaurs 3,Forest,7
Dinosaurs 4,Colossal Dreadmaw,1
Dinosaurs 4,Drover of the Mighty,1
Dinosaurs 4,Drowsing Tyrannodon,1
Dinosaurs 4,Orazca Frillback,1
Dinosaurs 4,Ornery Dilophosaur,1
Dinosaurs 4,Rampaging Brontodon,1
Dinosaurs 4,Thrashing Brontodon,1
Dinosaurs 4,Commune with Dinosaurs,1
Dinosaurs 4,Primal Might,1
Dinosaurs 4,Savage Stomp,1
Dinosaurs 4,Garruk's Uprising,1
Dinosaurs 4,New Horizons,1
Dinosaurs 4,Thriving Grove,1
Dinosaurs 4,Forest,7
Plus One 1,Armorcraft Judge,1
Plus One 1,Fertilid,1
Plus One 1,Ironshell Beetle,1
Plus One 1,Nessian Hornbeetle,1
Plus One 1,Pridemalkin,1
Plus One 1,Trufflesnout,1
Plus One 1,Wildwood Scourge,1
Plus One 1,Arbor Armament,1
Plus One 1,Invigorating Surge,1
Plus One 1,Hunter's Edge,1
Plus One 1,Primeval Bounty,1
Plus One 1,Thriving Grove,1
Plus One 1,Forest,8
Plus One 2,Armorcraft Judge,1
Plus One 2,Fertilid,1
Plus One 2,Ironshell Beetle,1
Plus One 2,Nessian Hornbeetle,1
Plus One 2,Pridemalkin,1
Plus One 2,Trufflesnout,1
Plus One 2,Wildwood Scourge,1
Plus One 2,Arbor Armament,1
Plus One 2,Invigorating Surge,1
Plus One 2,Hunter's Edge ,1
Plus One 2,Branching Evolution,1
Plus One 2,Thriving Grove,1
Plus One 2,Forest,8
Plus One 3,Fertilid,1
Plus One 3,Nessian Hornbeetle,1
Plus One 3,Pridemalkin,1
Plus One 3,"Rishkar, Peema Renegade",1
Plus One 3,Scrounging Bandar,1
Plus One 3,Trufflesnout ,1
Plus One 3,Wildwood Scourge,1
Plus One 3,Arbor Armament ,1
Plus One 3,Inspiring Call,1
Plus One 3,Invigorating Surge,1
Plus One 3,Hunter's Edge,1
Plus One 3,Thriving Grove,1
Plus One 3,Forest,8
Plus One 4,Champion of Lambholt,1
Plus One 4,Nessian Hornbeetle,1
Plus One 4,Pridemalkin,1
Plus One 4,Scrounging Bandar ,1
Plus One 4,Trufflesnout,1
Plus One 4,Wildwood Scourge,1
Plus One 4,Arbor Armament,1
Plus One 4,Invigorating Surge,1
Plus One 4,Lifecrafter's Gift,1
Plus One 4,Hunter's Edge ,1
Plus One 4,Branching Evolution,1
Plus One 4,Thriving Grove,1
Plus One 4,Forest,8
Predatory 1,Brindle Shoat,1
Predatory 1,Dawntreader Elk,1
Predatory 1,Neyith of the Dire Hunt,1
Predatory 1,Sabertooth Mauler,1
Predatory 1,Somberwald Stag,1
Predatory 1,Sylvan Brushstrider,1
Predatory 1,Trufflesnout,1
Predatory 1,Crushing Canopy,1
Predatory 1,Fungal Rebirth,1
Predatory 1,Irresistible Prey,1
Predatory 1,Time to Feed,1
Predatory 1,Marauder’s Axe,1
Predatory 1,Thriving Grove,1
Predatory 1,Forest,7
Predatory 2,Affectionate Indrik,1
Predatory 2,Brindle Shoat,1
Predatory 2,Dawntreader Elk,1
Predatory 2,Gingerbrute,1
Predatory 2,Neyith of the Dire Hunt,1
Predatory 2,Sabertooth Mauler,1
Predatory 2,Trufflesnout,1
Predatory 2,Crushing Canopy,1
Predatory 2,Fungal Rebirth,1
Predatory 2,Irresistible Prey,1
Predatory 2,Time to Feed,1
Predatory 2,Marauder’s Axe,1
Predatory 2,Thriving Grove,1
Predatory 2,Forest,7
Predatory 3,Brindle Shoat,1
Predatory 3,Dawntreader Elk,1
Predatory 3,Gingerbrute,1
Predatory 3,Sabertooth Mauler,1
Predatory 3,Somberwald Stag,1
Predatory 3,Thragtusk,1
Predatory 3,Trufflesnout,1
Predatory 3,Crushing Canopy,1
Predatory 3,Fungal Rebirth,1
Predatory 3,Irresistible Prey,1
Predatory 3,Time to Feed,1
Predatory 3,Marauder’s Axe,1
Predatory 3,Thriving Grove,1
Predatory 3,Forest,7
Predatory 4,Affectionate Indrik,1
Predatory 4,Brindle Shoat,1
Predatory 4,Dawntreader Elk,1
Predatory 4,Ravenous Baloth,1
Predatory 4,Sabertooth Mauler,1
Predatory 4,Sylvan Brushstrider,1
Predatory 4,Trufflesnout,1
Predatory 4,Crushing Canopy,1
Predatory 4,Momentous Fall,1
Predatory 4,Fungal Rebirth,1
Predatory 4,Irresistible Prey,1
Predatory 4,Time to Feed,1
Predatory 4,Thriving Grove,1
Predatory 4,Forest,7
Tree-Hugging 1,Ambassador Oak,1
Tree-Hugging 1,Burlfist Oak,1
Tree-Hugging 1,Gnarled Sage,1
Tree-Hugging 1,Llanowar Visionary,1
Tree-Hugging 1,Primordial Sage,1
Tree-Hugging 1,Snarespinner,1
Tree-Hugging 1,Wall of Blossoms,1
Tree-Hugging 1,Warden of the Woods,1
Tree-Hugging 1,Aggressive Urge,1
Tree-Hugging 1,Crushing Canopy,1
Tree-Hugging 1,Explore,1
Tree-Hugging 1,Nature's Way,1
Tree-Hugging 1,Thriving Grove,1
Tree-Hugging 1,Forest,7
Tree-Hugging 2,Ambassador Oak,1
Tree-Hugging 2,Burlfist Oak,1
Tree-Hugging 2,Gnarled Sage,1
Tree-Hugging 2,Llanowar Visionary,1
Tree-Hugging 2,Primordial Sage,1
Tree-Hugging 2,Snarespinner,1
Tree-Hugging 2,Wall of Blossoms,1
Tree-Hugging 2,Warden of the Woods,1
Tree-Hugging 2,Crushing Canopy,1
Tree-Hugging 2,Wildsize,1
Tree-Hugging 2,Explore,1
Tree-Hugging 2,Nature's Way,1
Tree-Hugging 2,Thriving Grove,1
Tree-Hugging 2,Forest,7
Tree-Hugging 3,Ambassador Oak,1
Tree-Hugging 3,Burlfist Oak,1
Tree-Hugging 3,Gnarled Sage,1
Tree-Hugging 3,"Jolrael, Mwonvuli Recluse",1
Tree-Hugging 3,Llanowar Visionary,1
Tree-Hugging 3,Snarespinner,1
Tree-Hugging 3,Wall of Blossoms,1
Tree-Hugging 3,Warden of the Woods,1
Tree-Hugging 3,Aggressive Urge,1
Tree-Hugging 3,Crushing Canopy,1
Tree-Hugging 3,Explore,1
Tree-Hugging 3,Nature's Way,1
Tree-Hugging 3,Thriving Grove,1
Tree-Hugging 3,Forest,7
Tree-Hugging 4,Burlfist Oak,1
Tree-Hugging 4,Gnarled Sage,1
Tree-Hugging 4,Llanowar Visionary,1
Tree-Hugging 4,Snarespinner,1
Tree-Hugging 4,Soul of the Harvest,1
Tree-Hugging 4,Wall of Blossoms,1
Tree-Hugging 4,Warden of the Woods,1
Tree-Hugging 4,Crushing Canopy,1
Tree-Hugging 4,Wildsize,1
Tree-Hugging 4,Explore,1
Tree-Hugging 4,Nature's Way,1
Tree-Hugging 4,Verdant Embrace,1
Tree-Hugging 4,Thriving Grove,1
Tree-Hugging 4,Forest,7
